id,era,data_type,target,feature_000,feature_001,feature_002,feature_003,feature_004,feature_005,feature_006,feature_007,feature_008,feature_009,feature_010,feature_011,feature_012,feature_013,feature_014,feature_015,feature_016,feature_017,feature_018,feature_019,predictions,residual
val_0,era100,validation,0.7725019656847065,0.02164068997458468,0.5311537308992527,0.956419622177728,0.5983789431994964,0.7646359942849736,0.06527438470165803,0.15184344564527563,0.5798342336703631,0.009887865016920738,0.5232470752399798,0.6377456662457177,0.4524700504143424,0.5410512228305804,0.30802535180193735,0.6855280150108364,0.7925372261143233,0.805699185335282,0.5699094466892392,0.5079332671720627,0.09237083927589662,0.4479678815570285,-0.32453408412767804
val_1,era100,validation,0.4811443597959755,0.594012700908084,0.7305914330966171,0.867283885889112,0.4297748344413661,0.006516315691875274,0.08182392284596829,0.046760013811166234,0.9967282140794629,0.8049885589761221,0.1841885255233714,0.4770771715592135,0.5107829905154797,0.2938429187596653,0.386202924545881,0.46757096225241745,0.14909789446939492,0.07161191208951823,0.4921339923973399,0.9346208403539079,0.060753729588020056,0.5391789313359457,0.05803457153997027
val_2,era100,validation,0.7889583350103461,0.8631339625231612,0.09432409665177222,0.7275824498949729,0.46533922673205097,0.4770499377168822,0.12596677630468633,0.5381056585592319,0.27799743401993793,0.5174141888168982,0.2812784500731108,0.9345655747071387,0.5317089965810524,0.27618381440650375,0.30578681398961016,0.05570689569342413,0.9816488762882668,0.24891371546726604,0.5179217336414418,0.831586485672828,0.604191950743664,0.45072376560749383,-0.33823456940285224
val_3,era100,validation,0.07350827680267524,0.5844414641406359,0.5286558321768563,0.0753842546437552,0.8868098656594017,0.7939044001326908,0.8358430248681552,0.2348901659718201,0.779684365365578,0.6852107463384691,0.5160052921737911,0.28930431710405324,0.8199004299844582,0.8693493438130818,0.5947701672771571,0.9185101506885499,0.7369013721717079,0.8190718846115088,0.8789024536458703,0.9917785717660391,0.9661163224927548,0.42477858072092267,0.35127030391824743
val_4,era100,validation,0.1915939679029951,0.21323486544553083,0.29127649181644544,0.049049888269887765,0.16108424691711154,0.6300447206413533,0.6578635056049698,0.30116553700125925,0.5814047702136574,0.9146898211444775,0.7350138084607978,0.72616641969916,0.5173344984794952,0.14505064080142627,0.3326245332068397,0.980329132876381,0.47232165042830887,0.8030461265598735,0.8948370467062514,0.6230937353277806,0.502721308954724,0.5802196780015061,0.388625710098511
val_5,era100,validation,0.5515342496463607,0.09051989794921322,0.972619463222973,0.8375995675057702,0.10366913548223677,0.4740631241545077,0.06452241109764478,0.2451321648345136,0.9758805437588852,0.5411738301381054,0.09465438039363916,0.7308608230445699,0.2307839225136752,0.49546013317236026,0.7256976947831408,0.431043415211835,0.6113700565595732,0.9454505501177888,0.45353710676571835,0.7792067402682286,0.05151522593930513,0.5392417688063097,-0.012292480840050968
val_6,era100,validation,0.947088324752695,0.699596452817735,0.8571179506239017,0.4896558578716983,0.002728744513015746,0.6446420066063492,0.39106887915141986,0.6501723135725108,0.8278031832982524,0.5031940725789658,0.29669669762808615,0.22150078100918735,0.6631287382441872,0.952824716936136,0.5797871585837261,0.6136608074093272,0.10673668201459752,0.9975477616173603,0.4557320412800884,0.5428681399782135,0.22121865607745617,0.5449369922208825,-0.40215133253181246
val_7,era100,validation,0.07475784672178032,0.7217702773178095,0.7332756958339769,0.8146066843749209,0.3140003756121267,0.9069460031486639,0.27858517284706563,0.5535289621161336,0.9985251129895927,0.2906621213482635,0.9266213485719222,0.9032236249709361,0.7973141440866252,0.6250132491160458,0.14570661174750899,0.4502986262437467,0.560411510015611,0.9762700632411219,0.515186958872616,0.25912010427142285,0.24479290641577067,0.48124147733720396,0.40648363061542364
val_8,era100,validation,0.04308421615686431,0.17253170068710866,0.9337476352497319,0.3129182706552194,0.1474137664844274,0.5663818006102074,0.5780401116288002,0.0779744235218115,0.5883249944624463,0.3051938344399526,0.42912331778188817,0.49118320042960306,0.31937166643826176,0.7172054798944385,0.3102686186798824,0.3218796508861206,0.0736610720170594,0.41013798572144144,0.5195892783342569,0.35475517112975774,0.33785712913695,0.541617972136156,0.4985337559792917
val_9,era100,validation,0.15655067492785568,0.028190315496536278,0.34684330456547374,0.3976498583230128,0.21998549513811116,0.7997861914601062,0.5228059496723134,0.5265265331751754,0.20454395754493504,0.7965420660296458,0.9388696739093144,0.6788833668893024,0.6453059290176052,0.4312369913906071,0.22144744191015575,0.07731879285780763,0.5448552571193019,0.25032844380203223,0.9503871441791126,0.8940054147313161,0.04360338358621263,0.45391788282993184,0.29736720790207616
val_10,era100,validation,0.6411531288601565,0.408283513223197,0.9008798989881812,0.7001867210119319,0.011238982665376929,0.9807427252251976,0.48112402336971494,0.7911897655632999,0.5036870356947338,0.44902924558593704,0.9914005415521356,0.14585555888350454,0.14693799594601265,0.019932167119719568,0.3903132125514853,0.45606773039729886,0.5526956887627854,0.7584101904270625,0.6494004673774935,0.05594794659862057,0.9048927004979163,0.5228013508382198,-0.11835177802193675
val_11,era100,validation,0.39899291667024717,0.5827187021330221,0.3252382321067103,0.9153267369320932,0.2271954146877032,0.7055682020755667,0.31451237037261315,0.08119459082032432,0.7111111340505746,0.1635262086081204,0.5266598261114159,0.25780391699196925,0.34192630457806406,0.6461303683672054,0.5159840862093631,0.8183845563594515,0.8744387851607439,0.2992728927440308,0.27745699488794395,0.5914798860744082,0.5155639447214952,0.4806003829879597,0.08160746631771254
val_12,era100,validation,0.8255523794176862,0.7060024095671912,0.732796719691153,0.08776147447888594,0.33271158193237393,0.5733257638890635,0.13779977204399074,0.88973897623042,0.7743603861815881,0.09452876400049559,0.28804400978485056,0.5861071179372228,0.9092239295496342,0.6319242814281241,0.5067628572841099,0.017031461088003574,0.725057500272294,0.8064003601313298,0.5315367969539899,0.37248403250410866,0.6709307929541091,0.48283205634073995,-0.3427203230769463
val_13,era100,validation,0.07193315148136581,0.8099450091529028,0.7364169117764491,0.8614781446346063,0.031567496409881324,0.03748594712534026,0.742376382872638,0.5783066494477291,0.0005099890159435683,0.47292011686177937,0.790776808572579,0.3190272683733495,0.9113081631625708,0.11042763646333309,0.754523676563289,0.5821076831802223,0.24955239221512004,0.5339547303979244,0.6272235829079829,0.3866925380055557,0.06717283689500897,0.5133486018019671,0.44141545032060125
val_14,era100,validation,0.19641408681470107,0.6105374273067323,0.018349876454093472,0.7930127248793652,0.6079041242971477,0.37447789825458755,0.8798567688426544,0.9506244692703166,0.505027088502294,0.46495502361773045,0.15931073552501496,0.4996929185709734,0.5753245787430636,0.4621597136246315,0.18917186360170934,0.8807721087266889,0.8884261421878569,0.7939272752349539,0.6397717210139645,0.8845712064137673,0.0541154678036494,0.5363379357706298,0.33992384895592875
val_15,era100,validation,0.3000264054648957,0.11088060859848503,0.3610596982781952,0.31553927072985466,0.568800348883758,0.5654427335151183,0.9441509092328173,0.14814121772237565,0.23523457997064656,0.653458278205396,0.2520468596720705,0.37400519937328924,0.7023514608651067,0.9153289446656504,0.9464728292974468,0.217549430014358,0.5732426648480058,0.27587987971701045,0.5852542262381827,0.8538223745462266,0.5864677720405472,0.44562654647370464,0.14560014100880897
val_16,era100,validation,0.6267300866887853,0.6825816721424148,0.019432672408497886,0.3552166141315596,0.09703577850992506,0.7972065717060325,0.05861897061358046,0.9935649993533152,0.8749118332547884,0.4710674777451407,0.7848799094992822,0.640553796644048,0.8540154152059414,0.20508483197197513,0.3428451068821686,0.1832558646890622,0.6063794785740337,0.5080273155538209,0.17773615462153736,0.5988423755724687,0.887296010504208,0.46018044960070303,-0.16654963708808224
val_17,era100,validation,0.6851726903015473,0.984176642894882,0.9970920176102486,0.04646147722190963,0.595009777518401,0.43810478964757626,0.7399087115888829,0.6442728659696768,0.15290544405022855,0.14347570413421473,0.4336459247320299,0.4871453627808089,0.9585531853126267,0.4610987546341103,0.3002488469161385,0.7722766257019431,0.16898136922217832,0.564023793602182,0.03359318907950748,0.2729188474043339,0.528482000959547,0.4528659140466398,-0.23230677625490748
val_18,era100,validation,0.12420329396377383,0.9055845845974039,0.122196761829238,0.015740611116717984,0.9986539186088776,0.9600582757647734,0.7265034594069625,0.5674941994810628,0.6664562495748334,0.5078028847985135,0.20153793698766675,0.004609935973168167,0.48988644028976946,0.4611031852005204,0.6851785781802198,0.2550864311192933,0.857773595969114,0.9431080677201321,0.3378430523668544,0.47545634616202403,0.8778191725700715,0.4877523055389758,0.363549011575202
val_19,era100,validation,0.9438047089917395,0.8716689092695127,0.5428108956481094,0.4770061263577291,0.9444689528115406,0.2717937526236749,0.9471096141455893,0.5152796241120854,0.26606219032492484,0.9067894038860251,0.6511257449523244,0.649680837945384,0.5615757366260343,0.8107614681476384,0.8055166286830625,0.19198426756064846,0.930965115016544,0.2665975768304173,0.42752215456025355,0.40829339378921603,0.8109912730552393,0.42066597728834076,-0.5231387317033988
val_20,era101,validation,0.34104413519020915,0.30217015335834085,0.7905562387626373,0.09553964549731053,0.002670993367663299,0.7445671952103164,0.25291459449776543,0.023654373098312753,0.35654214321427224,0.15944141162021241,0.7327618613816829,0.42212155705018173,0.41564156664783025,0.8245758703294446,0.3784717648136534,0.37798925056923505,0.7749906494949081,0.9366882392848946,0.061804239576086606,0.3536180292024953,0.07585378579492075,0.4897116211012235,0.14866748591101436
val_21,era101,validation,0.7131687630002831,0.7507881764540006,0.20126360226089246,0.19400181441521303,0.7953783113303596,0.4190314170841275,0.7421790382951564,0.9396391915495781,0.9405592607568448,0.689754640977749,0.12507123945056908,0.34169834049022285,0.07198193705642875,0.7592694196633919,0.7468469748939771,0.39250201227021797,0.9407524526450062,0.8048589154657159,0.8149673380198461,0.10278557855729642,0.2019574743856899,0.5027594585205055,-0.21040930447977757
val_22,era101,validation,0.5242077189476988,0.8511034459651455,0.48505266809547265,0.8467671995266636,0.35360527623648597,0.48598849456590587,0.054626288766484565,0.6439944728541983,0.24044812540807947,0.5938592649655265,0.27698025997493414,0.09414675228322356,0.42280347244881844,0.36545415918827373,0.8837359561360547,0.874101063016566,0.30229990412234586,0.7308940540866953,0.34407743751027375,0.5431138867153203,0.6577106691553425,0.5395236528784328,0.01531593393073405
val_23,era101,validation,0.22275811354710662,0.6783262046312631,0.6074287609211508,0.5710283912504525,0.06365137033462742,0.8025020338654403,0.6312457207616191,0.09162648449929123,0.09500276182293066,0.7485857267118027,0.22127675537223324,0.22036969056649147,0.7906273393830772,0.0720369250185201,0.7668036652069574,0.6184434719336769,0.8611191683627711,0.7868702691851251,0.9136327461785047,0.3018312978744836,0.44350138255004157,0.485484279968932,0.2627261664218254
val_24,era101,validation,0.8462283231154111,0.2505617565679805,0.16020475439554538,0.6336324372661134,0.29598321371620806,0.29621526165170553,0.35084782405217974,0.020952170294524897,0.06928490144422583,0.15060027342759275,0.37985462876245213,0.22377229158085343,0.8048854979915286,0.3494829772240141,0.03419648557083299,0.40596145633958935,0.4888931428637425,0.605425045880057,0.15441010784226517,0.6608079429275284,0.29069981364692055,0.45617462359917493,-0.39005369951623614
val_25,era101,validation,0.8182380281919299,0.9538339718749583,0.7785554599115385,0.18747933083192003,0.3217365163129623,0.09681205659514314,0.7689094395474751,0.05078363923675133,0.5046151100994621,0.9416053369059946,0.7634448955760644,0.935369499404729,0.8923771145932997,0.6797912012713396,0.8273689113661882,0.5343879642857668,0.16391720294358492,0.24408001046248584,0.05693495693731343,0.31920393582553075,0.4186338560479791,0.5467460776478484,-0.2714919505440815
val_26,era101,validation,0.3960718539166901,0.4508194114586759,0.2993364571893653,0.8286618044544195,0.5232442393090568,0.5202555846134271,0.8633042864353935,0.6093957634322407,0.641711482284288,0.6209664277671586,0.7137081022743242,0.4325129747465468,0.051466705175969074,0.7027465744890764,0.7744809584543674,0.9539652333252742,0.6688005990334012,0.18949496883985273,0.4823161043863218,0.43116349313480173,0.44519964627063435,0.5570237875927802,0.16095193367609006
val_27,era101,validation,0.5886075856938554,0.1298055586658794,0.21102307633884032,0.8679797724397476,0.6610837672688546,0.5287946118037488,0.3648210422175162,0.6140154148945852,0.3272936435708872,0.8470711376911368,0.662523910383704,0.04206584721517004,0.5271545895806339,0.965000209476719,0.669290238153186,0.11321467660989537,0.6841202707058789,0.8663414358503905,0.18912933682570665,0.05236037419440753,0.9105522508215965,0.4348011496725093,-0.15380643602134608
val_28,era101,validation,0.25782569593593974,0.109777895057392,0.5582887464374169,0.5233275937130434,0.749055612208408,0.7971677722253737,0.5255860926993006,0.4996672917814411,0.6902597417930808,0.2466067636802356,0.0062855458685912025,0.1388166822433209,0.10742448793707626,0.4536412314437085,0.7600224190879035,0.20771552172469143,0.28692451375669015,0.7251394025958332,0.9373992755778612,0.9925380699054777,0.10345828370495302,0.4276443939504254,0.16981869801448568
val_29,era101,validation,0.6898516287463015,0.6475189872990458,0.4103136276429379,0.9125577718786598,0.24590304256326667,0.9683192062321018,0.1174040623635999,0.30676582065295155,0.061033718573237805,0.7394128893979616,0.14214331338038944,0.07903267573291206,0.20074218316574333,0.6324355829402903,0.9794253958319389,0.9625287065865553,0.02749333162757006,0.21320428276094905,0.010303398453738954,0.5076103832751758,0.279730746807615,0.49110405025390186,-0.1987475784923996
val_30,era101,validation,0.3090268126204314,0.43770964641673915,0.9202859446364178,0.8448286249545817,0.321770570248497,0.05530068632834839,0.4169069652234766,0.5317427316146414,0.8573346449228768,0.781030704333919,0.22329754910206678,0.5888693902072113,0.9002165023806065,0.5391908707225317,0.43111288781834967,0.9573248485272041,0.19984725908556333,0.6150933658744016,0.41261967505903496,0.024237594164172815,0.5375648165827139,0.5468339848234888,0.23780717220305736
val_31,era101,validation,0.8440787343822349,0.09448387517896362,0.880062698198154,0.731324176674438,0.3083817068597352,0.5916894737431089,0.36080039325916924,0.5163018208762579,0.8165672097392378,0.39743527238707566,0.2719558460388496,0.18662149156682672,0.49679125842969585,0.15061856011323738,0.06722323495459781,0.17716542126477264,0.39977754767388674,0.4475464814142238,0.9267477713451683,0.5412306587611441,0.6982869266305917,0.5196576362706586,-0.32442109811157627
val_32,era101,validation,0.2173851042772743,0.7403645721560946,0.4833506633888832,0.7340759156936286,0.36273686812087647,0.6812785303147999,0.18312345978451772,0.019415559876565625,0.9854962713920856,0.3839534528834221,0.1464265416489,0.49855764028177596,0.7585449208966136,0.46120247213213605,0.46088996962771667,0.14510881712529822,0.16756291105986854,0.15865516996309392,0.38441820672976834,0.8703539993056497,0.6306372889592436,0.4075891662352222,0.19020406195794787
val_33,era101,validation,0.01480342281846414,0.7993251672586197,0.35926377472559756,0.10539347395086329,0.9996563089563387,0.9858013507485217,0.8944786247667759,0.28246923032749804,0.9365049809018454,0.6577962650257493,0.41031555147388965,0.37006206286997556,0.06438410592868082,0.5448351546889942,0.046433655391047934,0.4210851343386198,0.19402994823960418,0.5318571093571643,0.09310928060046075,0.7725521342662026,0.9416427377373945,0.4608133461370689,0.4460099233186048
val_34,era101,validation,0.26850804196791844,0.7254156307864513,0.3255179816312652,0.2708360376956658,0.7779433028274259,0.9425902142769116,0.14808783804016024,0.05318534146714948,0.3561971639189281,0.09340768176021597,0.07518058501402591,0.8038763771441993,0.416826503924852,0.9507496060422586,0.29425040808846115,0.04971829248796911,0.39139066438226955,0.28151909246641726,0.3028949428617871,0.7009066841294541,0.7956089248194732,0.39565501191022484,0.1271469699423064
val_35,era101,validation,0.1910524864594867,0.2022608776840129,0.2675636230815074,0.06684721981767605,0.974990465268697,0.7124507647119775,0.6357393575301872,0.9001547514476554,0.39927538401557716,0.7356241502175089,0.7500221903877807,0.3204896372653623,0.6742402806643377,0.36653905440895607,0.586879791796759,0.6549035322851401,0.9617866143085604,0.09624412415757155,0.49801039383443346,0.1394646545990349,0.5570768419744303,0.5136488685859701,0.32259638212648345
val_36,era101,validation,0.5082864397249243,0.6897754559960694,0.5445478537124773,0.008681209226308662,0.6931110595470572,0.5217894112444659,0.8901426434798877,0.7252231627851354,0.7459648474782595,0.042886759839410926,0.787720787296105,0.4582654823968083,0.1334064812782133,0.9800991031079778,0.3096228929261563,0.07749602166174219,0.7642435154076483,0.4669582985454108,0.1851516873433331,0.6577370789874724,0.2146826916735075,0.4124641157947782,-0.09582232393014606
val_37,era101,validation,0.2037032916565763,0.010722802894385097,0.8049786047345435,0.15830953138391013,0.4062707016472843,0.16152392229926127,0.9119685798632257,0.9961151701929123,0.1340827719549832,0.19059030112082598,0.5742666896008981,0.7212855485978258,0.32581787910568316,0.5423000740240844,0.6853952459095386,0.05802962709428072,0.3197484012265641,0.5901085520935618,0.4665617051432619,0.7662983780122603,0.4508742314022398,0.5487540276921062,0.34505073603552994
val_38,era101,validation,0.7631898707194947,0.3051121396784092,0.31075660820355777,0.88048718264694,0.38974418362697494,0.3841765552044174,0.7932396998405684,0.3021712633052879,0.31401471024483485,0.6641437572413672,0.08970487704196783,0.43335120693063933,0.06454780502388324,0.24246924330305752,0.8219863276857211,0.48518693620884923,0.9516040689185482,0.04690641038115051,0.8363431957858375,0.5724190639654966,0.6933822441944774,0.5177678937805215,-0.24542197693897327
val_39,era101,validation,0.24137063800400393,0.39882153140754373,0.1900940896880815,0.23987405903605152,0.4885811449750451,0.5851223250571543,0.17614113387417663,0.8784858477569103,0.11854093697564827,0.09832366709196383,0.890083169546758,0.7932155360131891,0.6513399408695104,0.1916643870158078,0.4204391792795369,0.9577866361101015,0.6456467922587327,0.4020927494109968,0.872617970196613,0.8927490045203516,0.8379621748360849,0.5278995150875665,0.28652887708356256
val_40,era102,validation,0.7069681799126557,0.8352469488855016,0.4754838061832868,0.9701539625917217,0.41686978336443736,0.7252003965957537,0.8174314092138697,0.6030542679324817,0.4548864490728314,0.97184209147679,0.9656358287081145,0.6616843562366649,0.9708912590581186,0.14169491726023176,0.9001379512930036,0.4267959360631596,0.45544964464014015,0.2576619198366853,0.04926073471073211,0.2769897817848854,0.9597362244223874,0.4727868748555781,-0.23418130505707763
val_41,era102,validation,0.578470923013724,0.3903943730694043,0.06903441679766653,0.5972909995612061,0.8283262460927457,0.6353995574791123,0.2765648124156246,0.4531254069036049,0.5520042798853176,0.8683962094619007,0.20236356032178937,0.410529113946716,0.8270454911428297,0.452932870573453,0.07983893135040021,0.3564811586605511,0.4683001989551471,0.030650590707232417,0.1609033580525735,0.24214469973925057,0.6054527661379177,0.39400916898399696,-0.1844617540297271
val_42,era102,validation,0.9862498564718843,0.011269446189398291,0.7012790061297068,0.23725848763469037,0.46500201302669286,0.7141228018277412,0.922398027432509,0.2225731112886351,0.2111604699627524,0.6263023324067365,0.7046398194407197,0.5039819256863627,0.9746231168075656,0.02192642978892323,0.8401131642004498,0.9979567155022859,0.41074446783539187,0.1256625496115058,0.27529013576680417,0.869569744942646,0.5269193673044325,0.49163750445501586,-0.4946123520168685
val_43,era102,validation,0.9999009770092316,0.3523464118280094,0.5183582663019336,0.4971308034842128,0.295614360210846,0.4291525045518977,0.7090866814238496,0.7383921652861428,0.026631686914105,0.8190574556693498,0.8419386306424858,0.9672034558421935,0.8456047950983965,0.44504528331486537,0.8285731454392989,0.5319689607791834,0.2329920525459397,0.13903415881837755,0.5948658508876018,0.6253982429914524,0.017691923121148312,0.4865477975449035,-0.5133531794643281
val_44,era102,validation,0.86952608331733,0.4989240983592872,0.49637480797285416,0.21909482270011538,0.7748602686966518,0.727627290571009,0.7852675610088865,0.9041407489043,0.7193558317505231,0.8875800485895678,0.5398435225427023,0.6616114965083923,0.8551958061969787,0.9884046921559463,0.3219938963267649,0.37524140689024854,0.3866321922137057,0.18287424811797115,0.3609947587924671,0.001447220520999326,0.07209906915017994,0.42289337074312483,-0.4466327125742051
val_45,era102,validation,0.7599833692987511,0.9490047866727734,0.3004453795500225,0.9839735581823739,0.8544204093813946,0.1437412560197192,0.08503245350193722,0.23530839807537074,0.02000516442616851,0.25947564957181846,0.32332309952674887,0.9049952259723248,0.5771771953713426,0.6701067957222666,0.298715187124615,0.3858608133416018,0.5278963840433926,0.8033775714379212,0.8440409134460755,0.3531314085110525,0.15610499763740027,0.4454013176787411,-0.31458205162001
val_46,era102,validation,0.38645641400057373,0.9410343037895448,0.9046734375317367,0.8472649839049639,0.4204289561404514,0.16258631176311356,0.5827651134435444,0.17539033497361256,0.9734026089283562,0.8494115879493195,0.47855871508035264,0.17875850347106437,0.5182523114132099,0.7597861212004047,0.30509498115351263,0.19495949603351048,0.528027350730221,0.4394918664781392,0.7166718682829376,0.8578559858146745,0.054759931189628075,0.4822343803616814,0.09577796636110769
val_47,era102,validation,0.7532767271313036,0.18087403822141157,0.0904862918495527,0.026238788782329103,0.667808571905532,0.16283214582946282,0.8211421268986796,0.696221915004867,0.22160725674239545,0.1947937836376018,0.512268750784452,0.4832361562451519,0.4062542664278276,0.11900539071826255,0.8113937123444109,0.5122230574475389,0.761736902212518,0.14708599227038688,0.10045602311350821,0.027319511641743288,0.40086323880492647,0.529458939019278,-0.22381778811202557
val_48,era102,validation,0.9566755370794907,0.18514654173945155,0.8698240088870314,0.9477760314674711,0.058804533888304755,0.8908649570357761,0.8615903527724993,0.9769731627255192,0.6639000921162911,0.41334226414881536,0.4006370441880279,0.9086616698450506,0.81809489504588,0.4731008614900908,0.8316534876101951,0.4388550281680058,0.3587978571573526,0.10029696692788925,0.6245575025120912,0.003247928261508881,0.33687854513887217,0.5515389078635736,-0.4051366292159171
val_49,era102,validation,0.02337757539544416,0.1633814564645505,0.37670520241592265,0.7210651073028873,0.5294648519714666,0.07603406330863449,0.028631704733641516,0.749955101104078,0.43475172623998914,0.5582596312485993,0.9298424936337062,0.32261206144141763,0.1820676122780246,0.2862231010257139,0.3297224588276676,0.2707952963474134,0.7167980293039524,0.29794045872903907,0.11301262534697842,0.28125929052512977,0.6373541578683929,0.5084750620361053,0.4850974866406611
val_50,era102,validation,0.5379147001977388,0.7889219324141032,0.8806235159750223,0.08238125202127833,0.04498113774550805,0.8015083727334759,0.9391592325551192,0.2845807390476489,0.0596738603371072,0.7138909630740324,0.743883110942502,0.9676641981464208,0.0562249158241932,0.8940975279890293,0.5925903474444618,0.16054008660175978,0.5780918387686846,0.7980155187044523,0.25503566963646007,0.9140000370092779,0.5356651079334027,0.48197872558732713,-0.055935974610411665
val_51,era102,validation,0.2179983043884346,0.006022040368406367,0.7287614583323836,0.6706377463264456,0.029190840494468073,0.23357089804673714,0.043338733302479726,0.41995542414778564,0.47218360663446746,0.030141317722528038,0.24130164225496398,0.09707749047365744,0.947893822684675,0.18129247201391252,0.1389332294404545,0.3112388686675537,0.9618454045268344,0.3644598479396435,0.17787063353422805,0.9014775814700163,0.5959707593878597,0.4166284637198865,0.1986301593314519
val_52,era102,validation,0.5578763158688504,0.12717719819187734,0.1041707266620383,0.6469266979656855,0.612924850522739,0.46842994049525066,0.6145186796748499,0.3843176354583717,0.5167606342967996,0.290509412778189,0.5855571873198685,0.9026711702750368,0.003778185203477058,0.458733327136742,0.4687787382810221,0.5086833276877293,0.3852849260339827,0.15989736029393808,0.17306194920070495,0.5187619458015079,0.4719772029376541,0.5167217673056411,-0.041154548563209326
val_53,era102,validation,0.46644708975889115,0.537959631644099,0.8315362865093536,0.21878874580758345,0.30333538239498714,0.915956595465678,0.6933875276153121,0.8520950180470455,0.8546832080928685,0.6085190982103903,0.6886891509311674,0.4452121220658587,0.9768293218758518,0.5880477183456377,0.9987928508555383,0.058333272284801674,0.9012164642607903,0.4041161815461599,0.6163955247768592,0.5532368711396226,0.27773714855425713,0.47314624641739217,0.006699156658501015
val_54,era102,validation,0.5757685815522844,0.24756206688676552,0.6821768336995051,0.7584467000075756,0.7425371624554654,0.5859372296875067,0.1073452911679098,0.7713707788722238,0.7323490696478979,0.35736867914911874,0.14015642170213027,0.07374416514116067,0.7288533698737658,0.5140410915785326,0.15883914770624685,0.15374402858395597,0.8206425472982894,0.5553115572870575,0.5636049225541615,0.3320080113171888,0.952825314946477,0.44457385193623805,-0.13119472961604633
val_55,era102,validation,0.5509622214187242,0.09235645823926208,0.03230191291534845,0.08706470331296712,0.8960825606325922,0.2101176862323586,0.04801186560919268,0.5889754347615201,0.07930247475338636,0.7750250556294934,0.3584257423801488,0.8795215925860874,0.32849891969782763,0.8302435279704073,0.947562639960059,0.9476572669690954,0.6376642845894569,0.02958418363801385,0.17602815278772688,0.24373666202780986,0.08640915976013896,0.5039171215170226,-0.04704509990170158
val_56,era102,validation,0.960107039168562,0.3598780123338343,0.13370268210966996,0.4894451812312478,0.1393911737303507,0.2840900603188071,0.7849121544507291,0.27495911039690324,0.20916268343226507,0.6516521611507162,0.905548281603916,0.25194021240911346,0.6978198430863103,0.23145317131964038,0.8242547219650078,0.542855351031339,0.6545144667421172,0.6276418014401731,0.9901728054184318,0.8152218542121182,0.9388909994653072,0.4728012553333486,-0.4873057838352134
val_57,era102,validation,0.5521861089347361,0.2742076050602448,0.6356280558356951,0.009923207163087922,0.7245228385789239,0.9204466238957857,0.38467062479743397,0.9379885277220562,0.3118876842149477,0.23440145372373578,0.5671731001852015,0.022250125495225204,0.8178751571851274,0.3773911104236912,0.9722146509462699,0.06344930366003787,0.08464993460641068,0.3951007530147893,0.4218367323682938,0.10629486049964143,0.31123804686473466,0.3826810142144425,-0.16950509472029357
val_58,era102,validation,0.8462320881248673,0.5111043065142845,0.6626005028802849,0.9687374888947464,0.5145199982883433,0.42714392510997834,0.10711251531512367,0.6533152247691466,0.11640768646481947,0.14592897959233309,0.21699774606031685,0.1358071055691923,0.2453620559864359,0.7920842965739525,0.17957876061053302,0.693087758769573,0.9502246055934324,0.009725875131194384,0.09706932815493663,0.48735437087863576,0.5126614453672974,0.4312080975610834,-0.41502399056378386
val_59,era102,validation,0.3198202868008465,0.9792335938301958,0.746651432837595,0.7515636317769093,0.11211925016269886,0.5869854830067894,0.762667816387642,0.9704766464417824,0.45689907091449056,0.6290469935870504,0.12278479811915077,0.6591147418997616,0.7708956832795819,0.5280714117368048,0.21351849044336424,0.06180287007903473,0.10693606349574392,0.6738893989463809,0.12056901695511513,0.6343972594970845,0.10884232282754613,0.476374368628976,0.15655408182812947
val_60,era103,validation,0.4381006887910489,0.12430463681491843,0.7202454007749819,0.15885207615965602,0.6515926064807247,0.45993219662538876,0.8491630701436206,0.5801170330420308,0.9843091908625355,0.4504673277047577,0.5182268934748777,0.9778114891381948,0.8043696250082402,0.4021173856479573,0.016867181734858683,0.738874227046373,0.5632333087435071,0.7123876355626482,0.5838937137265947,0.10368029037102922,0.07093106837100926,0.4882420265930376,0.050141337801988706
val_61,era103,validation,0.4704134760448099,0.3727267048340943,0.6595199546699549,0.341674039951283,0.6094668031064728,0.3784380880484496,0.5873861907588074,0.821192758363614,0.5146127912377616,0.1689570411013186,0.5476857230291441,0.1114621395835168,0.24935463012534542,0.029442514744831505,0.7247018129156055,0.7499627217200269,0.3300708004491545,0.6288397885586828,0.9790694033834728,0.5196070954723462,0.4295454487186029,0.5286257477130147,0.05821227166820486
val_62,era103,validation,0.2787280433353797,0.9319850178724747,0.7662389017464225,0.16056237780817628,0.5156418674007825,0.22327912693240193,0.1612368084346456,0.8131053793945268,0.7418821683231693,0.32637420531837735,0.33441445135461234,0.461948048124762,0.04192635437798353,0.7533854240156094,0.6440946934361856,0.6510789757492527,0.4298519782898518,0.34193021759842224,0.5719511016191978,0.5775212879124432,0.7416973763796781,0.4892731114907885,0.2105450681554088
val_63,era103,validation,0.37979026147795525,0.8768730434938226,0.5750857058923728,0.7666174641293146,0.926471204559658,0.6861915004846021,0.015222471491490808,0.3373287768335921,0.6829377976993461,0.3030467483185866,0.6304160284191185,0.1806365509475325,0.20412228455809767,0.9721820779667603,0.1780654383247321,0.7322045446193497,0.610183010836817,0.5296048540659611,0.9490414766166372,0.7424960605073648,0.26936477754854893,0.40054702966770805,0.020756768189752806
val_64,era103,validation,0.5985130794667752,0.3942710347842806,0.2607913855244549,0.05889632542771517,0.5210796961040165,0.7182420262721204,0.7008024813019439,0.9640207229572282,0.849911435092138,0.1081319723393751,0.06868468621938872,0.7450365341015921,0.20064640888939445,0.62028700948851,0.7911449655420719,0.08796578101305774,0.9088513778823216,0.38715770613343536,0.4441328507580268,0.23483604914753287,0.5623478889353201,0.4817157963944278,-0.11679728307234744
val_65,era103,validation,0.5801877633045324,0.6989532645197365,0.9123766137307182,0.8404066555637142,0.9905151154502125,0.2748850916073995,0.5501396748253168,0.02194146759756399,0.21572349046560946,0.5469090192652281,0.14513969326614062,0.11805889976181416,0.06524045417548319,0.8565412206887946,0.2991955061317254,0.7267805523552676,0.45756712357230145,0.7006217301596944,0.435841103652012,0.2933275032907583,0.27865034052281834,0.4259022166446205,-0.15428554665991184
val_66,era103,validation,0.6364353445734805,0.08785701358134557,0.01821403093197793,0.9421963388357298,0.509228813848111,0.7890108430548304,0.6507971417200795,0.7687109087674142,0.7538262616930282,0.7636486339125541,0.5462738210112592,0.23984174848088957,0.7260073846551959,0.5168757431949261,0.13499556933063517,0.13668831972388296,0.9877295553064411,0.5835801862336887,0.5000073593158822,0.5695211466330334,0.3886130608930408,0.4875971877857372,-0.14883815678774331
val_67,era103,validation,0.35181791542014107,0.7125410555436151,0.3665617198714902,0.6766279428062999,0.11585203830136759,0.8545352003016795,0.8131846701995957,0.9655570857640439,0.8813552403057495,0.575466888852987,0.061815693844453956,0.19640596764907137,0.3799749244584082,0.23168096542336458,0.42256266501934814,0.3395059072718438,0.5928120653514998,0.08179911382744975,0.6974254581555552,0.9831264099816142,0.9064463184738247,0.5188048824599759,0.16698696703983484
val_68,era103,validation,0.3158314951530571,0.9728577294847415,0.7288702930971633,0.2129654500014342,0.4704712510750304,0.9206750962396304,0.4342277769929721,0.33890820328372284,0.17150982298024275,0.8262913649373523,0.8809087649911006,0.5525197803669779,0.8843861674538583,0.01444210423514547,0.09096984842685607,0.9427452535006329,0.16055394264217449,0.6430935582189974,0.36761596645133265,0.21749318282011443,0.8558396254949195,0.4180295244328207,0.10219802927976362
val_69,era103,validation,0.6116178827541631,0.5374881528341916,0.4271560411496743,0.3600900958135508,0.18232876255507124,0.16121241391836993,0.12451546883362041,0.648110587790972,0.34680221978800374,0.12756854721543132,0.1421463704565168,0.8731840920006323,0.25217110566518597,0.6533982675899892,0.26324365627324664,0.5028754776591401,0.19000929483125228,0.6872384143378015,0.863886032678957,0.985903827123464,0.5160175434176298,0.4639505510627227,-0.14766733169144036
val_70,era103,validation,0.13286174842752496,0.49849022703441426,0.02483440748001431,0.47723987480893126,0.5971334852174273,0.3039236836132664,0.9399832853908264,0.5622232498442106,0.9701017643315615,0.4356118578222239,0.6739198740845365,0.5110902011564186,0.45323216509992736,0.49310884824824464,0.37133335842734616,0.9674264320830138,0.716111035589251,0.3707021806146994,0.029281384768146235,0.7143425330544813,0.23810562747207875,0.5637210138450299,0.43085926541750497
val_71,era103,validation,0.25303154353213997,0.18731861970191033,0.06598090311621319,0.6046247722022537,0.6931321751936012,0.8603533475036956,0.5452621272468573,0.7615073096765237,0.7807878459797924,0.6094151036580991,0.3912034417144252,0.05824345277147125,0.6390174289267628,0.7820981470876015,0.8518641745141499,0.08892245888673755,0.050397794243381755,0.8757857809597044,0.43976419502844233,0.8260820696300232,0.19318391273302282,0.3968637898742522,0.14383224634211222
val_72,era103,validation,0.04212773695299521,0.6337881989072919,0.6486373691382886,0.6686630898116874,0.46843527870709367,0.19854020282789397,0.6152941190885403,0.8661779216450524,0.28259083253753237,0.6760015609419073,0.39978774754224844,0.5633889305968313,0.877464949671778,0.6946824174353046,0.7925487412932214,0.4775565995631801,0.48034157622222684,0.8430143548449627,0.5109918499799179,0.08964126823633922,0.9540873530357142,0.48090380312137004,0.43877606616837483
val_73,era103,validation,0.07261085259608013,0.5904372807789149,0.9648645994052997,0.5542147153188828,0.09770296768314823,0.00346845924349537,0.9334114295517512,0.603044569299548,0.563941769644487,0.695786306423427,0.7648895286111438,0.7975209993180093,0.5246211016193748,0.9879523682065647,0.44275428575061826,0.06240232027687065,0.1482191098035166,0.17516652389973786,0.6070322382630962,0.30042018743063226,0.20271659651068752,0.5834730281777908,0.5108621755817107
val_74,era103,validation,0.24338327926060888,0.6519330594757505,0.5518636358344989,0.35131392082185575,0.4686413985835529,0.8708273102516345,0.931583656310263,0.8159045863814569,0.4043261228494788,0.728965427097881,0.49946213417291396,0.1321561973043227,0.3735246278123828,0.5103125834120398,0.7245750577523875,0.6302102623992848,0.433218635177845,0.9042663084858685,0.27607191236586326,0.05773627965098105,0.8081683109125392,0.5393426796387846,0.2959594003781757
val_75,era103,validation,0.019529280296919027,0.026083286684721818,0.5067578180237691,0.890917280564903,0.0814542147344004,0.32644944175136936,0.5720946067281736,0.3122855758892552,0.4899651763271299,0.6514298121960167,0.7256554636438663,0.07271121434459171,0.8670150784720089,0.42717478967300937,0.568649636179005,0.07870700136851638,0.7499174220717195,0.4408723714950775,0.42747997098583534,0.37154699500317523,0.3689702095355373,0.4650128668629712,0.4454835865660522
val_76,era103,validation,0.24541059208746152,0.5487234883490736,0.31832521305626726,0.08139205801795824,0.682125955506534,0.41449752513895,0.2976114247214261,0.22858705870481688,0.3551661913907085,0.09422808894086765,0.5051912287527692,0.18780777755756906,0.31024642468761054,0.28673968943929495,0.3408418550780681,0.17536780254037732,0.45881292824143416,0.7237496526342934,0.48453775021405665,0.9812896599200519,0.9856598475582383,0.4801916072166971,0.2347810151292356
val_77,era103,validation,0.654976323062026,0.594934843497373,0.25669067386606315,0.46625605424349503,0.7903682248650875,0.44633402572063796,0.9971136340127392,0.4306676895328402,0.2793310185303406,0.6953056776022964,0.5929053414052634,0.7460863228216275,0.07942369963257645,0.47686129179127446,0.7258743434952848,0.2588303100692805,0.16345110898092696,0.814097006967236,0.6869099786832132,0.10527306220633847,0.36815574036278786,0.514625910684993,-0.14035041237703305
val_78,era103,validation,0.06110707846893304,0.20753013541280219,0.020984981756284715,0.7755648384674807,0.962380327227039,0.8482746006672285,0.680817089953536,0.6777365995807832,0.6747630413914187,0.7247826567743876,0.7607146278696642,0.5916804195320016,0.44504210751024,0.8728714781229221,0.683499154466378,0.7487438516644832,0.2519253703566424,0.5051124210696899,0.773544184735814,0.5623727823711995,0.3515166249107261,0.45690518684394515,0.3957981083750121
val_79,era103,validation,0.436736677794641,0.20833285748853603,0.27295486764047117,0.060872665291400896,0.14880210712845643,0.3378921445934604,0.40843667689205654,0.18724694893872362,0.7785418150861175,0.9934799343336271,0.6073087429212753,0.5405946539617489,0.7850933064979919,0.04243972579174127,0.619094442193602,0.16396211881807476,0.3675395886521824,0.39910193937081573,0.7378273273437872,0.006070622813812321,0.6374636288776231,0.5144972616282021,0.0777605838335611
val_80,era104,validation,0.9131087869195494,0.2762181685109498,0.4491104408652524,0.7053352168113012,0.5324203355333041,0.8922798858564818,0.5598368028535897,0.6803521921518915,0.8739571227473448,0.693362436701126,0.6156151093887886,0.24947989463176834,0.030780831753523086,0.9779000472861887,0.6179555210432506,0.8466320532930678,0.06956118348641471,0.9154513686150983,0.3415830522895853,0.7126828160440627,0.9615168066268193,0.41040081389941147,-0.502707973020138
val_81,era104,validation,0.791284828925401,0.7117215917272376,0.19794978304895017,0.819711622753325,0.5675373675354186,0.616939138048048,0.41583405026802966,0.3940936485720673,0.15532996731818804,0.6868303957515489,0.7892195914275945,0.33223659524685945,0.5858822449895921,0.993307194307798,0.6829819923269768,0.13190393883080087,0.5843376360811219,0.2308535529354232,0.9994505229919636,0.19719269237204107,0.9762096057964329,0.4470704043152477,-0.3442144246101533
val_82,era104,validation,0.3054375022948572,0.6062660635323717,0.08734798848142922,0.6608312985270522,0.9224765337809797,0.5272867240336843,0.8883051522966474,0.7955752738926319,0.8228555236452406,0.514813290181972,0.9490868158193733,0.9658850129433423,0.5944640485272361,0.5978213785879017,0.3845455126425382,0.035244449070156336,0.6075337912780502,0.2569700777191445,0.8486653117871794,0.12958453712476292,0.7072061464669852,0.4900684129570454,0.18463091066218817
val_83,era104,validation,0.924805479191647,0.8457626461178046,0.7177278672546026,0.012936892275355993,0.6272766405965142,0.3256145071274624,0.4824993748657461,0.0368358171033033,0.25480082447706354,0.8679229085851139,0.37671615393533675,0.2406252267293857,0.9285417634273816,0.3315442036954014,0.8690758150677024,0.3950454189696678,0.06215192713256745,0.3616203140134371,0.26002337314496893,0.33701781216078763,0.7546063656363536,0.4400860303869112,-0.48471944880473583
val_84,era104,validation,0.32964649674772484,0.2956585718430982,0.8946202690680671,0.18013702713220625,0.1455096456453211,0.24371169628118583,0.8235283759812472,0.6679826378293945,0.42733638991005063,0.9968347619611583,0.5771171572259512,0.9016454232550885,0.2864648171450218,0.2230489683220238,0.16230784549646082,0.9794416419712951,0.402311321174162,0.8594657779705656,0.19510580567282754,0.7710442979389815,0.5634021759730277,0.5953193281591413,0.2656728314114165
val_85,era104,validation,0.07251549633756249,0.9120680598883183,0.9367720696870856,0.34211307889195075,0.4363513239631892,0.6240584427773487,0.840176297823004,0.6498223366499677,0.9014436858492466,0.7790448701974321,0.0862731577335456,0.5805315044577366,0.2788366132106962,0.27649039568487876,0.8838854632391541,0.11034222778877723,0.4140006828847249,0.9387882642130759,0.3140212505833905,0.1066130863112108,0.7557757391323319,0.5825532045289041,0.5100377081913416
val_86,era104,validation,0.9940559567681135,0.7437061619833584,0.6179987284969893,0.2336900356380459,0.6547625285062505,0.4468941600565761,0.8243323377352484,0.9409354761253144,0.454503600982602,0.6125003778578084,0.3588038805688669,0.1232964663712478,0.44048365133967815,0.05010542650497185,0.3422818430319944,0.10171844403962904,0.3338195685526012,0.22006771475486187,0.4523448529996449,0.22983899579869538,0.8597796549704966,0.5842071173908848,-0.4098488393772287
val_87,era104,validation,0.8700225271891717,0.39501167001369697,0.052774582599281805,0.9626521402274274,0.7002844320692974,0.9105160099320063,0.7221886124756745,0.7133675535640704,0.1970635340443162,0.07895482693156819,0.412049225889386,0.467312378155068,0.35691490147151517,0.4751109584833588,0.12503161560862253,0.7511665107956239,0.5577397403311118,0.8638701476312454,0.8507993783196138,0.008464421617309537,0.48609530319502325,0.4886358003878449,-0.38138672680132685
val_88,era104,validation,0.46593278330109233,0.09526206562545592,0.7408626299617734,0.6515939141137936,0.8630739985905735,0.49163871611404975,0.8548777168075818,0.7963018964232812,0.1598686552371178,0.7267391317296276,0.835237316824051,0.9485487173608759,0.7363458626893268,0.057324270864405835,0.6000274026791299,0.3121616939935653,0.3459574900601118,0.2582029594685693,0.7783622637945344,0.968414862695618,0.619862262830103,0.4629930844115607,-0.002939698889531661
val_89,era104,validation,0.6663765241924039,0.2569836624874825,0.11009530526188638,0.2969709573515703,0.18050711984439716,0.5117949167011911,0.3872295796229692,0.9045910158531684,0.4729837666521338,0.7085615685819504,0.5133924021256768,0.4185655981373586,0.6417520771315496,0.7184742147759252,0.37598666907040523,0.7172816172257169,0.41640927947780604,0.970641246749888,0.851246123505876,0.5921455999888638,0.5373166952330477,0.5435818923709649,-0.12279463182143902
val_90,era104,validation,0.6712280778566702,0.9567682172148503,0.6697481176878239,0.9296974986654456,0.9515421467554984,0.41672328113600077,0.11466320614196035,0.6750519182919879,0.7626724239765541,0.7755681478094317,0.7310663732984578,0.8633865647893623,0.7589210379062663,0.37192945553285406,0.8154997271035193,0.20001058944336336,0.7975235474416056,0.5974078919815823,0.2719571149103285,0.7198996363846994,0.5624706135286772,0.3937129393993806,-0.27751513845728953
val_91,era104,validation,0.19448223073046034,0.31036337588407936,0.7793658357478758,0.7405941994761869,0.05913941201559225,0.789262996991285,0.8424542043725145,0.2901536349599746,0.9972051439743013,0.12455538839948932,0.01900740002567136,0.2564286946517077,0.8200417911986891,0.19936473174716318,0.4307854685287673,0.4600719941981629,0.16210935543020144,0.007086467447382394,0.5934612224518362,0.6513831711560145,0.8900479098739409,0.4326643063917196,0.23818207566125926
val_92,era104,validation,0.2000486331536323,0.32990096014906445,0.7258647108264727,0.28460721182704196,0.983762134568902,0.4248391981092704,0.49816841568734527,0.8697737995835221,0.7874086284309019,0.6537325001261435,0.4644926696283156,0.570922151800373,0.9229811327341477,0.5448535578360384,0.6685625255621098,0.2652898777489179,0.6191146953034209,0.034129904071177886,0.28324906227737445,0.14436455886967436,0.3556168302055702,0.43455224373573664,0.23450361058210434
val_93,era104,validation,0.4695807033518258,0.18958893109771702,0.9518838057611306,0.3788815694019554,0.8577670928664085,0.2693419997497549,0.127376032527851,0.7475781194759751,0.8770119589428536,0.29572390495167467,0.9013176651635842,0.8438520582019737,0.43093673178464764,0.9737593072430137,0.3082579895048255,0.4515282148790869,0.5055944016908456,0.14748453080470847,0.10902316071949314,0.5949399389939941,0.2081840256006242,0.45730948163805446,-0.012271221713771319
val_94,era104,validation,0.911573140137698,0.8068506011387654,0.7381462844673897,0.19942885830395674,0.6602727827621713,0.8620308742935098,0.11531252218200794,0.4244376040008935,0.747832360934888,0.7602712434028337,0.2243139093057851,0.9206884411696955,0.9846973894715495,0.6951310490184183,0.2094523750253401,0.7690970925853038,0.30507163747934907,0.18757315781875672,0.6841977434746807,0.1314155951412621,0.45628011027362914,0.40306235405492613,-0.5085107860827718
val_95,era104,validation,0.00999377485857078,0.27564423024227735,0.6932097779818085,0.9710739982658219,0.7349955002644216,0.5968282213652403,0.1592423940098927,0.7105291726499621,0.895435100756106,0.24037395403146622,0.03152218530711293,0.4858233671513007,0.21566081340365273,0.4917468501041602,0.3880490309488238,0.7620099404776617,0.7275346564904107,0.7676191228265966,0.14299755119543878,0.4012364539631279,0.20808519048126517,0.471610770729794,0.46161699587122323
val_96,era104,validation,0.7825056359493593,0.33025824836885564,0.2617431721831024,0.5172964958900732,0.07269200591879643,0.5915102197690018,0.7509732596671058,0.8676888771811421,0.07629354331391325,0.6839786768204107,0.43340873371347644,0.639688102145429,0.7143651619473286,0.7769142992545063,0.6068078346024335,0.5157722876737236,0.551188359541148,0.2227658764169499,0.6676977617064714,0.568963135925293,0.49840042566201914,0.5174921764994793,-0.26501345944988
val_97,era104,validation,0.05752678371465414,0.4143481084316266,0.9247686864359017,0.8960566874979846,0.04147986289445238,0.6108222071639265,0.7108566734662811,0.9756521313912715,0.9299315989816455,0.2949929469839797,0.7044318206475954,0.0029801307823309475,0.5340093173071893,0.7374764718989887,0.6569467392113518,0.928371843721051,0.47736152696069534,0.9691416200498598,0.6479643049054091,0.5588811141021559,0.9035081053570586,0.6069943701260148,0.5494675864113606
val_98,era104,validation,0.47822211488311783,0.4337282797746097,0.1795438707941669,0.3464997710168477,0.10176579655136553,0.7188397482056668,0.20381868018488325,0.9523515039590553,0.39640615372565613,0.008994292817431138,0.4544635068414695,0.2532233075133896,0.8169005946848834,0.8917354610577937,0.5782066652980183,0.263784102448274,0.6676693147712001,0.6361120572029383,0.810248444424017,0.11907342598274095,0.6174335204824778,0.43755944648434386,-0.04066266839877397
val_99,era104,validation,0.6378728330734764,0.4113407904150217,0.9048966114731264,0.8608416030974757,0.08735981466413778,0.31306798931256685,0.8469234181097952,0.3253278267641415,0.9216142232804446,0.6333579119730954,0.45997831351126583,0.27871210374694577,0.476770520606426,0.2046689475939475,0.9880557186241089,0.24031135111923307,0.8022903079813608,0.6925175092535177,0.1395546045635644,0.03443596964652218,0.8554328533030777,0.5938426613296534,-0.044030171743823066
val_100,era105,validation,0.6867592670824648,0.5037436953747286,0.31266254334591037,0.05388684842716396,0.5473812334694351,0.033844370833002846,0.2812947955282449,0.42169371371818176,0.07573283745947557,0.11326908315892237,0.6698050412383195,0.0934930116544308,0.7839386353624312,0.858877576258732,0.6910901864951653,0.6138064011754337,0.9726687900335762,0.2178165192852075,0.7834801485088109,0.7982343138738138,0.1661909196155118,0.38505221665345757,-0.30170705042900725
val_101,era105,validation,0.05847926361591138,0.8145128796164033,0.13016359387766874,0.982090317524288,0.21544398711178914,0.8105931608770096,0.7929855833149475,0.10953660497737128,0.7152429571211358,0.6592914727882141,0.254388808283049,0.27969501335697666,0.930168714647678,0.30102608704169886,0.9315196275969178,0.6212970342167891,0.6293503683763735,0.8927063140950847,0.9992765259462371,0.7259224369960053,0.9008735925371768,0.47567555664426836,0.417196293028357
val_102,era105,validation,0.41860361738396823,0.819285040742022,0.8266830272711707,0.9120343670333027,0.8602056372067265,0.12890505388163742,0.4888059077349419,0.24754428701804598,0.7356887486702045,0.9256094483569375,0.7518897916419774,0.32112203305813913,0.7322942661400873,0.9409989278250971,0.11793319489517451,0.04654003956497399,0.8744399854003829,0.6678145728199314,0.8510424485859022,0.08181890456473806,0.6017871644071158,0.41606259128012024,-0.0025410261038479875
val_103,era105,validation,0.5838372605023247,0.7983131337633469,0.002495453600829145,0.36320294477665493,0.44574862306807217,0.7218197372105442,0.7315486825385661,0.8824212084869503,0.9969108892977727,0.9692459342110903,0.15311353090573343,0.9687660395681933,0.7760942862183243,0.2810651489467352,0.06137292981347886,0.6077777123868976,0.0010915410229569433,0.8644056243418639,0.7518120763276662,0.12741551880155344,0.0317597887404798,0.5342689205706127,-0.04956833993171195
val_104,era105,validation,0.06604553730600693,0.10112483911648751,0.8320883176808307,0.7747221653145774,0.6955104764582749,0.08231529828732875,0.38138766307356586,0.36084992627935897,0.7688552706898137,0.23592308732761258,0.3957506052859877,0.6686023805608377,0.06717543126585612,0.9268485431626762,0.31099470201195367,0.37443615734901436,0.5302356927258912,0.956481097231227,0.6621653546947076,0.8925837763896203,0.6331189552850368,0.4346845308880892,0.3686389935820823
val_105,era105,validation,0.13509455659530978,0.7996788032748141,0.2623118420459759,0.752257926473826,0.6528730929701598,0.3753078420284921,0.34714059709477596,0.6205526585948811,0.3825737058156067,0.8092532276506549,0.656008108470918,0.42600507941634425,0.20495766223228062,0.96379071446408,0.13658893837642394,0.7474425253205591,0.2146475487701981,0.12564097710959643,0.4217814846854294,0.7691289016217799,0.9513969562609179,0.3502555456334555,0.21516098903814573
val_106,era105,validation,0.6636489895040385,0.12025177348657679,0.8847212727556213,0.9012547971029317,0.31985303892971007,0.06302606983153825,0.8413595989593323,0.6659656183070333,0.5572485516185454,0.3535532768724403,0.8283690072301977,0.9880544606955093,0.9743037405035937,0.14549135745701425,0.5258685282282677,0.8081056645452729,0.09419245708313717,0.09658723026894567,0.7305001678916022,0.9961602962166741,0.07916700047536207,0.5215408963134246,-0.1421080931906139
val_107,era105,validation,0.5216381965906517,0.12472377005225799,0.6914791822415791,0.3072549811288111,0.24316757352572904,0.5222136796277246,0.03530225451406965,0.781829275143312,0.36655093816659023,0.9004570727479824,0.7915310711650553,0.1532323202346112,0.6931870037873944,0.974499883262783,0.5189812535232787,0.5521538195470366,0.5319710170643921,0.8034078265896357,0.7241780351404532,0.2539874492050217,0.5824561304695721,0.5454461579802723,0.023807961389620602
val_108,era105,validation,0.16182866126829054,0.9478627716349608,0.6661833328505901,0.4655200053141495,0.3424562852966352,0.6531357727815751,0.9747369472575074,0.18280003024563096,0.19601864530485813,0.7874895686293738,0.7216855993076978,0.47605119393048456,0.5614490173110046,0.08572296842928229,0.5750471664439502,0.0017050315022650864,0.7468265061490941,0.8661260590941703,0.6314982826872882,0.4878029888688149,0.9154786028697147,0.5753913622642817,0.41356270099599113
val_109,era105,validation,0.5352393369147335,0.8193978447055413,0.3653195631648434,0.8649996126060531,0.7966583738498375,0.1714331411781883,0.6481795582653734,0.3048131346144355,0.24850232750227352,0.07392171664576364,0.35909638353639106,0.6470622070490494,0.36697637339645006,0.21856778661252196,0.7452278808310727,0.6363658101666421,0.41227252247437973,0.5837614208779857,0.7962783782978284,0.23645957606235568,0.00969516833437456,0.5135354518221926,-0.021703885092540842
val_110,era105,validation,0.9126923734444158,0.5524104668680087,0.05940297389077098,0.778579454135216,0.5862768484196185,0.3716276184384021,0.4324833881994421,0.4483363414581806,0.22201053427432094,0.4071369938772773,0.12230431629372385,0.05558063448407702,0.04438900120691791,0.44416878087280454,0.9713297002123199,0.7488812796659343,0.6701074493444349,0.3660005477505206,0.4487638884268347,0.6228001384773098,0.6309129264658232,0.4453965598432429,-0.4672958136011729
val_111,era105,validation,0.015587584775363927,0.8749702044778621,0.8300730982055773,0.39346671874027916,0.25353866251917534,0.9302394910430536,0.6280545311504252,0.36484106123827353,0.5488153301632129,0.3373178260096741,0.2168342176929906,0.7169988580831188,0.369135907964135,0.9935973657117101,0.8782586914391465,0.24898326623151423,0.48971925384094994,0.6526296360752237,0.12125271213239064,0.11541423909131798,0.47490229183096266,0.518896136976808,0.5033085522014441
val_112,era105,validation,0.6426337734858546,0.9893646425518628,0.17090379517652798,0.8457252329121221,0.8178464430604302,0.44238911710745676,0.12274094645898281,0.9829052328596898,0.9061606345318933,0.785181020723277,0.864833814576485,0.0998673529219899,0.4989128732895759,0.48856305116537935,0.1183672395755816,0.4646460011407888,0.437085865959426,0.3056640725924573,0.5590677276092374,0.1272431727430331,0.3469893186486106,0.5327091008615965,-0.10992467262425809
val_113,era105,validation,0.07365043460534193,0.6106420666317776,0.3722586418947522,0.04695403923240149,0.05475938611030673,0.8025435689765567,0.5140524552935476,0.8349408032137124,0.9127266260883976,0.4102857106531591,0.8573313701326595,0.14028230859967694,0.21145950938688673,0.5504094431784858,0.33851368877065724,0.9657266234117883,0.29025664043586064,0.23838569215346816,0.2650435287113426,0.07188789140512264,0.627536489945376,0.5907051003347616,0.5170546657294197
val_114,era105,validation,0.006449442964700847,0.612898436981518,0.6003546855090818,0.7820463029629902,0.6991833749902954,0.9271847450602091,0.9850955233397977,0.47968675462048604,0.05476377752582551,0.6845883976530838,0.9515608525390158,0.15968951246208407,0.17313679127383252,0.6944249495236485,0.2558230250480419,0.29811555339410345,0.38259351450100454,0.4881452095272655,0.3844330974291502,0.693586082264167,0.052702094587416926,0.32359631449472537,0.3171468715300245
val_115,era105,validation,0.1506544886606338,0.754427029159928,0.4822537385606217,0.20676585943370063,0.4391008057493109,0.9743458249772865,0.23526943784670684,0.8792686260864679,0.07989940095189352,0.6024352555904404,0.0759886518955416,0.9288898266555178,0.5084165513575168,0.9682935582729514,0.1768173577797928,0.22315325104174077,0.3497956307944279,0.2161538276063797,0.017414903941226023,0.49407257743320676,0.7530630462874002,0.44542972525269126,0.29477523659205745
val_116,era105,validation,0.4229066318539193,0.23213895236533277,0.19866063517131805,0.2861209078237872,0.7312903860658883,0.8983220196913693,0.7222780990363494,0.3476529475832968,0.2451190571723435,0.9756387190976338,0.5368090852774561,0.6832355451381678,0.5859042356275439,0.7833514001242444,0.5447248766557845,0.21085479047801015,0.6461871840148815,0.4837036083151729,0.38279058791788334,0.61773121635463,0.004479476919707626,0.3699783374056908,-0.0529282944482285
val_117,era105,validation,0.802343998981953,0.16712486151879935,0.1406163568822839,0.49321484359559364,0.9274612802434268,0.31740532915896913,0.43497137583170065,0.7858283238902646,0.2550594524694749,0.9377849568016149,0.6486830449042336,0.6554275011031041,0.23991791885452485,0.2241540044236986,0.5532644020327305,0.5588008343539963,0.11601851127913954,0.956606505463572,0.8088011061354546,0.8793010465893589,0.3069357437923522,0.47449150307163473,-0.32785249591031823
val_118,era105,validation,0.28178549660455865,0.7595807500150725,0.12324627225029061,0.4497345010699739,0.7500340979469039,0.962572886161193,0.6524581484879536,0.22367559810645365,0.09488917523925111,0.4276995147387187,0.7106573770668566,0.5554934964649921,0.587389474456213,0.3029909306643547,0.22724482788806133,0.9497871013080065,0.092636368687806,0.8397840356173905,0.5427223669382548,0.7403284847553586,0.5039586376846784,0.4914518494360426,0.20966635283148394
val_119,era105,validation,0.6256732123887586,0.3449047949941023,0.8630078814992009,0.5205701068698809,0.44196535531138237,0.8123952417460469,0.20488722869177545,0.7723220452263659,0.3884633411734405,0.7235782116411493,0.6438632350104302,0.2928059986951028,0.9003399638742949,0.0976282396085244,0.7118972503066855,0.6086901292003547,0.6600129942084604,0.9416309195000223,0.009800526933971043,0.461722918166691,0.3770222505665517,0.45664091767529835,-0.16903229471346026
val_120,era106,validation,0.41115663795530666,0.135070356305934,0.031559549061333625,0.5447755956720238,0.15097568151388074,0.8371755836394877,0.4704649826176024,0.45645340319572836,0.5877253926912872,0.8294600939812218,0.770011389902282,0.6208897045993514,0.4731732580213538,0.6444523641647398,0.7329142991695052,0.30332312023765995,0.5462980698788807,0.8063289748473585,0.4698438202398473,0.9843559883942264,0.3074759352055825,0.5175497236553781,0.10639308570007144
val_121,era106,validation,0.23433179196600795,0.31487772591774976,0.9770142595998943,0.33152769103149693,0.8063509758054337,0.015172984171834769,0.9800927138592751,0.10749932099224235,0.5781622005994637,0.8988857538621452,0.35947157628934157,0.4101497198886398,0.8573901695871814,0.18074030653922157,0.020979994833933313,0.6385697780674541,0.4302000967426576,0.3547509359462767,0.29145164764540743,0.45625610114197324,0.8308351454680961,0.5222231595071564,0.2878913675411484
val_122,era106,validation,0.5142471142828586,0.3586368678745754,0.1985286903854141,0.17522751301703,0.46070552692137157,0.9542388633182937,0.19528715101600957,0.2732624545555823,0.5434296812585927,0.06813426377648368,0.17943277213548214,0.14541615009261488,0.9272714445333184,0.2574048884793657,0.39575770372231656,0.6248422975977874,0.15244288440790354,0.8120452385515591,0.4775506553971711,0.1124506732335332,0.9348325742719089,0.4974348090782612,-0.016812305204597422
val_123,era106,validation,0.7974644903726232,0.9652276595056907,0.11032229687907813,0.768481229287306,0.07531232345712979,0.7780902238487407,0.6364450278487571,0.4022746240235646,0.3386719248874972,0.3020787992734968,0.20458337215043854,0.6895972903277331,0.0923940289370857,0.8881136551803771,0.8901406412016211,0.5969251357296542,0.4110271118693115,0.922915743553214,0.40469272144787705,0.992654747252716,0.8737126849058887,0.45716141723748355,-0.3403030731351397
val_124,era106,validation,0.8324923700561442,0.6979597110879232,0.5769716547767951,0.3999761490871421,0.719055397776866,0.7679674965079,0.5755977487667954,0.7492929116644371,0.7064556853165807,0.3202300409685218,0.011978689470164339,0.12958216792992272,0.09581157965679699,0.3267556753320152,0.5203186082438382,0.159426206888302,0.7897317633200116,0.9470357878370544,0.9319792195573815,0.0228207300148473,0.5224313130499997,0.504836413705853,-0.3276559563502912
val_125,era106,validation,0.8465195318772367,0.5308563173997339,0.07998595794069663,0.505840862459059,0.2918519659165897,0.08152473092858625,0.5650515862904033,0.07298271473095086,0.8264839409810714,0.4344459512198786,0.35032187210622234,0.19066858102117323,0.4760441828876014,0.566646718354167,0.3476278014389943,0.6345667993449942,0.889621235789257,0.683197850684997,0.04117729896301581,0.5498835594877521,0.884164175193483,0.5302322914459134,-0.3162872404313233
val_126,era106,validation,0.3385578125549794,0.9688731386826049,0.6024532631635949,0.6446967183511181,0.04888822950518523,0.23256854107333125,0.6151232896516171,0.6595469950926396,0.34627426647740844,0.16926475071541902,0.09174405087997728,0.8176993118476059,0.5881024443177026,0.39756600878917703,0.25367615159513013,0.43016445251449964,0.7025765699642201,0.21136664381511316,0.6835880112819323,0.30909548869970926,0.9208615651815437,0.5563848965508477,0.21782708399586825
val_127,era106,validation,0.793456064715753,0.9031397404741807,0.8506266448136132,0.909637922306656,0.9027510149740777,0.9622616651378991,0.5022379736882281,0.7160136409328436,0.08553535929946199,0.4962058799500081,0.3214886927901909,0.660117096125154,0.4258834644650292,0.07403128740591358,0.24335451991828227,0.01859205862303337,0.059912175880880825,0.03972915336469085,0.8510265963017415,0.5035521510169848,0.409238397047462,0.4324560059681823,-0.36100005874757074
val_128,era106,validation,0.21217845510890787,0.5120008566141597,0.047898021467424834,0.7075528311402199,0.48310109209391006,0.5006770748054763,0.016930750257658,0.6539213699257515,0.2963302510918565,0.6632143272984561,0.6282100771662478,0.6309911542136424,0.32645077041750303,0.36286382989670507,0.09976803385080635,0.5397644871474951,0.6704097766011186,0.14720022816015577,0.9592385846504754,0.5587129525945216,0.28344585950544543,0.46495720977945415,0.2527787546705463
val_129,era106,validation,0.7384251012428833,0.9056796353769807,0.7998686045285441,0.04545922559038451,0.28096105317302156,0.3978580182372561,0.9000968114631178,0.7606696381675556,0.13736865457490277,0.4973639202167177,0.8944780555868199,0.41820278434272407,0.6409941161261559,0.40806820303593083,0.8172264190930921,0.9892667452184176,0.24098558954629457,0.9655469178939454,0.1776362265442959,0.2400958962784876,0.09826520581332032,0.6396414207723999,-0.09878368047048336
val_130,era106,validation,0.9483844262726167,0.4043046580626566,0.3944774409821187,0.8385603633980176,0.7163865578849116,0.8399408171469137,0.8269788274840308,0.1781686160228383,0.46735872722718086,0.6657930951976158,0.8396054509905164,0.39628051823937116,0.002081512349920267,0.8957011019115182,0.08665740539417122,0.34973959084398354,0.31525124302640506,0.46209682419276943,0.5313048019661939,0.5568587557372618,0.47909192104922904,0.4543038780681112,-0.4940805482045055
val_131,era106,validation,0.01374383469095719,0.23042066535662464,0.15949063383120998,0.9893550151275191,0.8859023776825637,0.08734041411394433,0.17416768092112134,0.5871033550630373,0.15593515131607827,0.0664416318179003,0.2526742119575769,0.6902626091854012,0.9680732808637424,0.3244506536463395,0.2922947658618158,0.9655592183186582,0.19587320795998453,0.8549860148320575,0.043589577317211914,0.7560611120055375,0.9462969204384414,0.4491746582711781,0.4354308235802209
val_132,era106,validation,0.440363931178798,0.23267817682208514,0.17609648026745905,0.47248502537138215,0.0003070750337554884,0.4169420162710593,0.41327317737886904,0.9411449472038799,0.4628447576579773,0.8759873317074103,0.13408314219804696,0.7400055386090457,0.23207908818802214,0.37924111976206787,0.04567573856635321,0.09620574166259455,0.7757557906202046,0.4650441535582911,0.4991835244550885,0.26650983724399835,0.560907528070371,0.5787599171032936,0.13839598592449553
val_133,era106,validation,0.6477709884140046,0.6623155244421267,0.9187645436942262,0.9695903364546007,0.6878521850421537,0.3757007744220836,0.7705489806935679,0.6107842698045377,0.22100289232464776,0.9390691921010684,0.1930722737967313,0.5102132023643106,0.9170987685830071,0.7828967686723345,0.7813865697237005,0.7324501158673062,0.648602122637279,0.6608175834598394,0.12545808954098192,0.38342613331390707,0.6675621017861716,0.4114859591297148,-0.2362850292842898
val_134,era106,validation,0.701775770487553,0.5010703207072771,0.11060575194066447,0.5473287423431494,0.7670116940184214,0.34985138703039276,0.9800623153872844,0.611336346952953,0.738731105462403,0.6179074241186486,0.9709866519036069,0.9692692443485262,0.10901474453450599,0.7589566512115979,0.03928368222679046,0.11432999466283533,0.6118350545991809,0.024140777122333645,0.8378966746987134,0.2682426931640579,0.11288381849184759,0.48984763576176454,-0.21192813472578848
val_135,era106,validation,0.1760877582692022,0.6589508470054467,0.866782787115657,0.4596159958719498,0.20992742727949298,0.3076922436530731,0.9511370464417864,0.736439642113269,0.027568240835845637,0.881390998636897,0.5494744796854908,0.9556995589188719,0.23808718204457258,0.7982852766484908,0.3083011038682084,0.2735715735552742,0.6679726096692761,0.24986494271936677,0.11387000260536484,0.8205597309882025,0.14351966414225625,0.49998226118515754,0.32389450291595534
val_136,era106,validation,0.9721832752385928,0.6860759642621699,0.5442446209836146,0.33140476472745506,0.4896238314101744,0.21007495679007804,0.8993591996761742,0.33320423212585903,0.5547463038319256,0.13144601664821243,0.18250222300057484,0.41242949001275864,0.23487370108750039,0.953770740076004,0.573297370086664,0.5708408353221244,0.2367722614039034,0.43626928004258925,0.5132883603864953,0.7249822592095967,0.46447326195967253,0.4852385710134237,-0.4869447042251691
val_137,era106,validation,0.615265367970973,0.022322872897717616,0.03905617881643908,0.6575548758333388,0.08928589891793581,0.1729108029905222,0.15837389729913964,0.7004759013215406,0.1694882749200567,0.7974489200763102,0.8407461546868151,0.8206222542831536,0.9961529042006462,0.7955574983947842,0.4095613602934438,0.5927796939767489,0.4446444143253616,0.6306310471541632,0.5210960689927537,0.8711964372184073,0.9512647989837257,0.4709713160249556,-0.14429405194601735
val_138,era106,validation,0.16434060122826777,0.05403959234790234,0.4644761457173383,0.2298204205250446,0.7467498825153476,0.6404061169196741,0.9144751060090048,0.9162338333132151,0.0009918644696270684,0.11914819347259398,0.3951912443125549,0.5432678415984153,0.00460054572588442,0.40760820321789093,0.28227106724910045,0.7752113172341712,0.6332537215489892,0.1715211880531785,0.9716504979316054,0.17004989290165928,0.3607846415915289,0.45945543829616525,0.2951148370678975
val_139,era106,validation,0.02052251171251529,0.5326777265912499,0.8174495144763007,0.10493421851440432,0.8474560185633525,0.9193948412086784,0.8784449129510794,0.010895473025342994,0.8692000880648071,0.4080102314975367,0.8992221519747273,0.5117558875571745,0.6396382093034958,0.8215085168980919,0.27518907242754165,0.6153114072274393,0.6365940276183004,0.76455146427049,0.6549806940388881,0.07357963815975155,0.8774840413175335,0.504522205102104,0.4839996933895887
val_140,era107,validation,0.7832641987897759,0.1910354777600769,0.7262027876391004,0.02723710258421408,0.1081866573246606,0.5088516452498815,0.37694991116638954,0.8701130411088653,0.6715277878140676,0.32381853455827503,0.2606771268344865,0.05496406137865184,0.8696865810608528,0.5086746320899383,0.7977903060062493,0.5936147043805607,0.7918518627551305,0.3644047061362373,0.2878402930768019,0.11938350385867336,0.12028859342571152,0.4869711386289254,-0.29629306016085055
val_141,era107,validation,0.07970473944545908,0.6325337688044397,0.48878241768471786,0.29238011271526376,0.8164602534328347,0.2979745523466443,0.39452259453626204,0.2186183312588591,0.0989428220505234,0.5855918252204543,0.39322175880423615,0.5739747104683102,0.6722736540247367,0.2777140325185653,0.9739780950872451,0.9123530869891383,0.28710396668811056,0.8174352692338844,0.24079930993813847,0.1610183328242364,0.6170172069337101,0.5321120517719929,0.45240731232653386
val_142,era107,validation,0.14105092107023653,0.5521857391706481,0.860049879696217,0.39577083216703823,0.7715701704845336,0.15916019772222634,0.45990892195516075,0.4559232737003752,0.6640723676838556,0.30151453523953353,0.5049477627900846,0.9005779305631646,0.36273381821694417,0.3029170681310124,0.3480410704487934,0.4521607522091572,0.7703361216968224,0.0979690903950673,0.1282482056450649,0.5330826606748024,0.6006129769105182,0.4574439305865721,0.3163930095163356
val_143,era107,validation,0.5748300268556906,0.5857603583708912,0.1203647617802297,0.5520766962812478,0.3469133203708973,0.8301433650525942,0.656175630966417,0.852347800952638,0.6116473327375985,0.6373136296671327,0.8926153340890316,0.7801338491950921,0.9583093627029349,0.22384238856339833,0.039145513609016525,0.22526577869505504,0.4401844806169357,0.6797565876823719,0.7565147240490595,0.9709120703627648,0.8598747500702685,0.4966401131211275,-0.07818991373456313
val_144,era107,validation,0.6035055034496197,0.3024553798310107,0.9099410533923689,0.29274982518700643,0.6902895299335833,0.9714920564732138,0.26083561598301575,0.823912127456629,0.47335668704320333,0.36738728915195784,0.8687574316050558,0.7863171446992621,0.893520754589041,0.1449929578197534,0.03656577790910842,0.16178858502363025,0.6701726920589348,0.2933283332065102,0.6907566561823386,0.35723541661678204,0.003316704404901505,0.47764349980720205,-0.12586200364241767
val_145,era107,validation,0.6868871185923985,0.6398435062778967,0.8464412084833488,0.9840595723854112,4.8123894311746795e-05,0.34915540146785184,0.022948429439944684,0.8919274781260559,0.419258098425614,0.8607903810304645,0.5743550703038779,0.15992903857633922,0.43395492024951776,0.18449041185365034,0.7592134152107181,0.3999945968094998,0.4557193800652868,0.7953831741226179,0.609877127308106,0.9585082693602052,0.18993166719757215,0.5405322697871892,-0.14635484880520933
val_146,era107,validation,0.39351401266362074,0.829492636485023,0.708276825657236,0.2917451682411676,0.9317976544659986,0.2909504255521289,0.14122952459724225,0.9404167926325261,0.8870697629157349,0.6338838402196115,0.22177550978089067,0.35844944713356364,0.5733284926111635,0.06317804995381937,0.552369821609127,0.7127527551936957,0.9486101697909433,0.40217042704241057,0.04084044294998834,0.03820079498917972,0.21968762542948173,0.5335597979439919,0.14004578528037115
val_147,era107,validation,0.7738986689668229,0.9980712535922371,0.8178877421287493,0.4409753884464087,0.5503832353083729,0.6014929529749413,0.44011590757677366,0.4471569567717586,0.24514801989745127,0.21529829732144612,0.4033569717378751,0.2332049166502358,0.9675191878052407,0.8884508649323863,0.7835926574173304,0.0425434849299009,0.17930226474164446,0.6653496322635665,0.7628288663942945,0.9268722028146583,0.9499660880907373,0.3674184290223339,-0.406480239944489
val_148,era107,validation,0.9743585996158887,0.8384443861722143,0.543815506842666,0.10327616553190033,0.6203388640619995,0.7753289809534257,0.28200256942620183,0.6563638108010069,0.3983100570133833,0.33612942202808704,0.9756330653655054,0.31591528245563594,0.9825603619264701,0.9310078096491232,0.6974970102885748,0.12905338650940612,0.6750050885823571,0.9343052686364735,0.6418875771484792,0.18115260730497118,0.15369365626989495,0.40486645319271386,-0.5694921464231748
val_149,era107,validation,0.271094943079883,0.5574987596799474,0.6751624290976669,0.26062651333707565,0.6646594135390986,0.45540280354966434,0.7645165610361319,0.3904784405261067,0.32911541289482726,0.8474208876266558,0.6077732238774021,0.5795393434937254,0.4498232757179522,0.5867703924938955,0.9075063492653965,0.10611346010363942,0.5765350007681589,0.020626632013764357,0.9638888681104884,0.9124749857193488,0.03696235022056038,0.46417778423427847,0.19308284115439545
val_150,era107,validation,0.7030286165379459,0.19342959167995655,0.5605980707077789,0.04833213978899109,0.5613690172183667,0.6300731498609492,0.10669007054927138,0.3507167174921658,0.7712010290366336,0.3864797499874585,0.7810977551241967,0.3647838133702479,0.8473500281430886,0.840489556608685,0.8858242910466235,0.5852501530514588,0.1727310409477446,0.011116782334373632,0.5872021298768121,0.05622743011546116,0.534461494741808,0.44403256171785244,-0.25899605482009347
val_151,era107,validation,0.9284686523951569,0.6814458761198209,0.3554285305079493,0.559508633437328,0.8567638875394631,0.7165490680232919,0.9174652255548038,0.4315954105976695,0.9164653062325394,0.5357990655656452,0.4498646953614197,0.5606978174642661,0.30198022695393634,0.18357110265314713,0.7883273956211774,0.24286465053126627,0.06600633581166793,0.7702792521767134,0.3039519066617081,0.9482194474950326,0.5285584624336817,0.49254070623096746,-0.4359279461641894
val_152,era107,validation,0.6862867626170427,0.9376537855579782,0.5688607973611776,0.7510646831324317,0.6097018321515439,0.9605922878561792,0.8953271799439111,0.743076134782676,0.8497816987402305,0.6489419359523327,0.5320072754668064,0.43850124827457704,0.3718128729306647,0.9016738252269851,0.47518916004214373,0.1662594283013965,0.7991443889716636,0.6463930515080781,0.38152055218932024,0.20079826431886083,0.8440469653678643,0.4196468772837001,-0.2666398853333426
val_153,era107,validation,0.6811094986442595,0.2118665397323024,0.2574653325319257,0.19570981433606793,0.9077599912404726,0.1650373305200834,0.9087568169332881,0.5014407471415528,0.7977039302997685,0.34780964958591676,0.4289541122325441,0.28661555844972764,0.16482188299022626,0.5063615596305083,0.30812640760385246,0.5927707197430223,0.15745133364626518,0.29297972050443266,0.1758407053782325,0.3027140600731607,0.948859650177802,0.4962900863620974,-0.1848194122821621
val_154,era107,validation,0.2237725690852066,0.2559956205265771,0.44027917084078527,0.36791093781607076,0.5823316222340089,0.9973824938253695,0.7396099986033267,0.814059674448342,0.9867899455700829,0.2939786307580683,0.702920998061968,0.09540343420515862,0.2091845927767303,0.06716499260555508,0.5070267874446399,0.7613099154523792,0.18650668278577598,0.4943967027742624,0.7229141822013851,0.4909423441029581,0.538545442140131,0.5006532776290603,0.2768807085438537
val_155,era107,validation,0.5351302003196929,0.14900854341165115,0.2807754072602432,0.016616226727160566,0.1711224219805666,0.3921566552412288,0.1069999714835993,0.7452184771961559,0.6971445504103851,0.4752549026080286,0.8514710138868774,0.8918384573447826,0.6568733022593589,0.1413127444941602,0.5020716073198236,0.3321549164526644,0.9784342239890393,0.04193566559886874,0.7077216600217253,0.3807208812354752,0.9299941824196555,0.5479582322630289,0.012828031943335927
val_156,era107,validation,0.5625228436045802,0.7367216436264017,0.12288778946138901,0.8395220557222121,0.9135625558393029,0.7232001427265538,0.43813757136956677,0.020478461124399328,0.7510537912135338,0.2148809720927891,0.5073635432245636,0.011373366004648666,0.5107816180070809,0.3089764607868172,0.6102755488893377,0.5782046056765962,0.7172608514766308,0.19244560536124078,0.20065001547767625,0.66752796926315,0.7251591512998297,0.44156945076054016,-0.12095339284404
val_157,era107,validation,0.7001295624559528,0.40656150342365927,0.32186185638990616,0.7799635249316695,0.6816274983597768,0.5724143779729972,0.13140537180546374,0.6302381571061616,0.982802539705019,0.2842105869190634,0.4808674586362257,0.0016524881419711646,0.23113186062560287,0.043557580354751435,0.1860975677829041,0.09812441319946019,0.2504868416012225,0.4244963745271675,0.1584893231822786,0.9748077672500773,0.264559127995585,0.4267771568693055,-0.2733524055866473
val_158,era107,validation,0.9968214498961826,0.06269563888638408,0.8519872181847706,0.06325403087429238,0.6992389944355561,0.4866686170088401,0.9876991927610826,0.43657112330859105,0.006990785399174082,0.062078484032036085,0.34028646709839694,0.826797739763546,0.40290961636165257,0.3092933780174436,0.6556198804449888,0.93519103045757,0.5909489601516013,0.8340444162214823,0.07700493320219459,0.6064264908049407,0.9284207109439263,0.4836091972593156,-0.513212252636867
val_159,era107,validation,0.03364382254376208,0.8749499914902802,0.3810807706423057,0.3648676093204113,0.9854817505716017,0.6980753687315865,0.3330384233986733,0.4566289891511416,0.634048376436365,0.30397027597100545,0.1770966942940838,0.99681094032579,0.37318345986368173,0.05993043311889179,0.4566009242058158,0.33689618531477283,0.5341118384025133,0.4796671828600848,0.9119757436817586,0.7214854094365493,0.6674431761818748,0.4526322563393802,0.4189884337956181
val_160,era108,validation,0.06523266126748684,0.5576719047025667,0.7480036489688691,0.9552866138494954,0.07519655420957916,0.3957538502235951,0.5853305418900621,0.8183730538698947,0.7389715319532896,0.3207040933635693,0.9392477228751088,0.7271028277136562,0.9873602045353342,0.23602760519282517,0.6202048319408592,0.9975056931735012,0.8444732675138475,0.5863625045259787,0.23306983369485113,0.0880052503057015,0.4140959327426338,0.5926699504903885,0.5274372892229017
val_161,era108,validation,0.07795006943091876,0.3310942920003558,0.17519785423816125,0.39202705607897703,0.42859260709517133,0.1261099813368064,0.7793930542442218,0.5476079860846768,0.917827053757195,0.9618331662913197,0.316079718679505,0.015273838062884737,0.8535658372113794,0.2656697558564416,0.23960482291954566,0.9785877558497821,0.7293207478326243,0.8737537919937804,0.34416352675180395,0.6278124290700053,0.6802420845169307,0.5074326388968535,0.42948256946593477
val_162,era108,validation,0.7429791344889568,0.34398297606109696,0.4244191591676416,0.5262086767240161,0.2390953929866152,0.48889338312123976,0.9206160842256454,0.8856218234589471,0.8838443041843428,0.5897288254658801,0.8006914635742854,0.22669022666851335,0.38796633338382425,0.9943689763667939,0.43439489387735497,0.7788234493358115,0.8317211254931858,0.3088189135888453,0.28050450837749064,0.45384977704641316,0.4013128277437509,0.5974258317969219,-0.14555330269203492
val_163,era108,validation,0.13635379511075751,0.29025122019090677,0.11485606933517656,0.3552428610103552,0.6304264647136572,0.5219158706823186,0.75554772584136,0.7128055923916904,0.8419606812337943,0.7873824254158056,0.7153470212874742,0.9718227002619613,0.9139165788960331,0.23554667376366445,0.21020121445252027,0.020067095406966717,0.21150658797736244,0.7006993211020559,0.41362460261079104,0.8857823579196283,0.11418376798795926,0.4195582484590077,0.2832044533482502
val_164,era108,validation,0.6224518744903452,0.4554801723926418,0.1386210633674897,0.5961313881282618,0.8068116837480719,0.20190215339993922,0.6745037787662376,0.5528400087640528,0.9457912719417038,0.04537725278032245,0.7909176002781291,0.8086042521738348,0.34263539162817114,0.23918644893858032,0.8753051567568016,0.5434749203843633,0.6402192043670052,0.8616672586782533,0.7140487993824833,0.38821109964310196,0.7189787471768998,0.504646129695514,-0.11780574479483119
val_165,era108,validation,0.32466887789345844,0.337041688488145,0.6174363798900692,0.9781568756368222,0.9663107088924127,0.9356193563286571,0.4659817820381513,0.7545379761511037,0.5373791879137075,0.10653669360837192,0.9367681333721024,0.566799843804711,0.6679015127348594,0.686788968358385,0.4879610450415376,0.0868364204400115,0.04024085841838032,0.20261570069617674,0.8705956337262845,0.6794541440499191,0.8240876121707438,0.3821396819809362,0.057470804087477734
val_166,era108,validation,0.457319956210711,0.5479463040706094,0.6074818174490111,0.9975025034811971,0.4545961069547201,0.22747564664629127,0.605400133750524,0.0383490509254073,0.006920095584826758,0.8145369608625923,0.6233707602208972,0.23686070944035897,0.9666499966821125,0.859357478516452,0.22498141557381213,0.8951380259615161,0.0689406122792201,0.3564781651478325,0.18259874952854016,0.2281537282590791,0.7288061990193877,0.49851782438723935,0.041197868176528374
val_167,era108,validation,0.2156631598174139,0.7735172522712942,0.21337190735486222,0.7747149780111912,0.7862182306426042,0.4092275940840977,0.09416380885282982,0.027083654828207737,0.011054398697009526,0.6235495494176357,0.8979503433820446,0.01437020592674898,0.39027886398855227,0.38705541260208653,0.041208695741546286,0.7896362526474029,0.7135270327045973,0.9798101738893551,0.6864123437411651,0.259372533524196,0.22911466775667655,0.515105672255823,0.29944251243840914
val_168,era108,validation,0.8661065613045421,0.6744612834443735,0.47442319428879864,0.4043110980204393,0.9170515920403796,0.1549296868447233,0.8839225419612625,0.08334932692085206,0.5446390556178581,0.1909820305402029,0.16769732291229367,0.020861472637409006,0.6798849651049338,0.8756180199406924,0.6757386646535418,0.972340376595683,0.024420102643931352,0.9832185647962111,0.35256214224248517,0.3761224309222736,0.9566350134776129,0.49882296570806745,-0.36728359559647467
val_169,era108,validation,0.5861503241630264,0.2944568927541171,0.8633061669779479,0.4944322008289883,0.6833254325358847,0.5357966461869441,0.5437773088398854,0.43756532514714264,0.4352722388639413,0.40479540586173823,0.6267125759567876,0.6119808635302266,0.2959238110626332,0.3401420207477571,0.2146447139897557,0.6083829531497954,0.5797650089005092,0.2232299302939379,0.9805271682972928,0.3040635375065027,0.02525456169115592,0.5149194096928082,-0.07123091447021812
val_170,era108,validation,0.9445632635822526,0.5287410115397793,0.17420150867648287,0.35673132811230546,0.2427325524497712,0.30763760810008967,0.0401350504349427,0.2354501456269431,0.4512450533654485,0.5386724999816228,0.7722756129146127,0.02183187635242312,0.26631231559797464,0.19701587961501932,0.9895821923187783,0.522172804484338,0.84040509844453,0.06644583889262812,0.29891915928407686,0.25387883939007483,0.33268529737564057,0.5546886044880922,-0.3898746590941604
val_171,era108,validation,0.5745962497043295,0.8401261599122508,0.019210533073514835,0.9855746299043462,0.6078541511077914,0.489272519976084,0.9199021256598975,0.9842612944157846,0.400404737210037,0.8436098291374418,0.27164113074417406,0.9936301419253727,0.5741566664315519,0.3296388243277235,0.5337003734151716,0.5189738559443876,0.3799418084180286,0.2709216113100529,0.007192956007859963,0.049668705900809296,0.2600924345348955,0.5908045175473674,0.01620826784303786
val_172,era108,validation,0.12390803059694666,0.06820623474272547,0.6519951406635723,0.7077603058254037,0.9699520478171866,0.22461691645820192,0.4893019738368687,0.5422901390113669,0.9177258090912357,0.06041199169449418,0.740753801291965,0.1833838334937381,0.9792645980332182,0.6093563739279924,0.2889769962480321,0.3864483744543449,0.04484043683991279,0.39773195730368727,0.5156399740198452,0.836746331752459,0.04812622761485097,0.3800736820755257,0.25616565147857906
val_173,era108,validation,0.17087043383847544,0.07829726698690476,0.053498208088684995,0.44893144543351127,0.9875538288615654,0.05377512794871575,0.8685891415610018,0.6624157460811585,0.3591703511697899,0.5967222893673624,0.7784768291162368,0.7107073618692773,0.45313384872016993,0.36714315931207375,0.6576774337926303,0.46869006722914097,0.7138474496287268,0.4410056009311637,0.15073108427593773,0.06430153089128432,0.40572969298866846,0.5398294262265398,0.3689589923880644
val_174,era108,validation,0.9890739763678472,0.5561700680497534,0.9799402385724459,0.012115270109602339,0.6423598237167781,0.7792266510822553,0.8568879542053569,0.27882013624669666,0.8562269417630832,0.7170359215866839,0.8311879560164448,0.15505972141241342,0.9376369703165807,0.6728938039892888,0.27521992343808555,0.6354125831353503,0.9296864524641508,0.6188063073304236,0.0444944268183991,0.8873655156029676,0.6231148401627745,0.4232550544015332,-0.565818921966314
val_175,era108,validation,0.7255651973308678,0.6391151283898032,0.609620283798881,0.5204834143905483,0.8869877578719892,0.6410862839596584,0.8157515874571148,0.3217969085876088,0.9028647937916409,0.9778918579104594,0.3128829125959328,0.5400934210977145,0.9143635202447616,0.2369358794224824,0.8202742939097465,0.9329476075562771,0.7171713920582679,0.8995027601315464,0.6982692319477085,0.12546538906806026,0.8825528634851013,0.5113772356649813,-0.2141879616658865
val_176,era108,validation,0.04927875002908966,0.2114130157759041,0.4703963528439723,0.9839282017016179,0.2003493638486028,0.3407393557110129,0.061403019295356076,0.3354619141411559,0.4995017699989548,0.8071600782921844,0.6816065901683092,0.08061128846621757,0.25376261234499475,0.7009928939891488,0.3082360509299419,0.595884338256031,0.5784472430027753,0.33034801190716245,0.7322592825084565,0.06526173706265903,0.9896897161914701,0.5260624216829572,0.4767836716538676
val_177,era108,validation,0.7037810050346648,0.745220126691518,0.42999254002430676,0.5230609089730519,0.24607860495221678,0.04749422468232223,0.24706664542420886,0.6987357051503006,0.4469380373650883,0.2762273135652734,0.3042532834097621,0.7667784245332432,0.4018194070843274,0.34743836324846666,0.9882477323959092,0.8571159423173672,0.23002882987906004,0.8499845354992085,0.4606990131165025,0.5630047639806971,0.8080895864043981,0.6141067343208119,-0.08967427071385292
val_178,era108,validation,0.41217304680961164,0.6462633770407274,0.5730706585169314,0.18242668548911367,0.9528876128848597,0.8655750626971209,0.8755478724654308,0.4737062076893085,0.7610206042154468,0.7095791938782651,0.7390403874984554,0.5849210947248297,0.6433024784941831,0.4558683716019345,0.6051447854452936,0.8627799113025006,0.015375624044496994,0.09347892092662691,0.6768855167565773,0.5024417925747218,0.4686805187128248,0.5201367576502188,0.10796371084060719
val_179,era108,validation,0.3072083868231905,0.9232892682362864,0.09062443672021492,0.022093747104774852,0.1352353754948079,0.16979500493567934,0.8989910560520938,0.5176836525300744,0.7079715076398824,0.7632778849269771,0.46297366514571225,0.08616669340141503,0.5180458844113917,0.5577451404428959,0.8444111489426633,0.5188326758482592,0.6946721084790533,0.04187469897321472,0.5382394482471339,0.4912345688318851,0.7237044259670307,0.5828763820256735,0.275667995202483
val_180,era109,validation,0.15406079373053427,0.1689542018585367,0.9300190588194958,0.35470375812420907,0.19110643809347894,0.930742218281428,0.45806886236880606,0.5920029821593453,0.32853511659620593,0.7297354999183951,0.59754437452722,0.8485861892000055,0.09595852986317432,0.6862250031859937,0.07281546957842222,0.3474696414976216,0.23102617584429297,0.5040451831234612,0.6298011077219317,0.5745043275013978,0.8436237885896407,0.4847570575498709,0.33069626381933664
val_181,era109,validation,0.8399039545565656,0.7513742653580107,0.6256420685518778,0.9182280556966069,0.4205485991200517,0.47859537859595846,0.44004146765420227,0.768811656238217,0.10254812592464657,0.82014406795187,0.4158399814305689,0.547018614776702,0.9936980301271583,0.2387136918487337,0.3482994173861882,0.639573873332081,0.8581626771823575,0.05966222333060489,0.5967039731879612,0.28705660611915573,0.46530719641868135,0.5030567844297358,-0.33684717012682985
val_182,era109,validation,0.0638413789891007,0.08364309058326702,0.1839784976109088,0.996554108175881,0.5895842877533504,0.34038670990848374,0.17514063388614975,0.09036974851247814,0.26485240018248035,0.9037299762136376,0.1619829269298243,0.921592310013318,0.75265400121128,0.8359455374108105,0.7374870861661497,0.44587734191484274,0.4663641188326113,0.39248980123423016,0.6658227640555924,0.6629492734296112,0.7850544340254999,0.3932551354919695,0.3294137565028688
val_183,era109,validation,0.2898354623796403,0.5652924095178975,0.5625810537646628,0.9453679748120026,0.6038172189682717,0.7417594768909639,0.9684107886911513,0.7768739122188216,0.13102850581229897,0.09842986898934025,0.17802952960536367,0.9166233736781126,0.43769403822471176,0.7218427497552398,0.6550590173405827,0.0814408673219329,0.5306355823724562,0.8967781168692344,0.19963064867317126,0.5024022197071832,0.48265241831287675,0.42648515854868607,0.13664969616904576
val_184,era109,validation,0.3063828938257044,0.5518951394991458,0.13325650583301163,0.7294199932542568,0.2919760086655644,0.8768394060751857,0.21313847535904318,0.5632350688751798,0.29473227577669137,0.10476385768111884,0.0775689072621345,0.9205077894865824,0.6181685496662913,0.23409791902399946,0.19424312143375777,0.37780910043243365,0.7539365442663667,0.24148303620747336,0.2687066200367002,0.33474346695732526,0.3864959908767227,0.43123960433872666,0.12485671051302227
val_185,era109,validation,0.16090528396350035,0.3883850446467406,0.017552717558312114,0.5581427284406553,0.9206138979503482,0.37071356364571073,0.19093678435076555,0.6690954448552572,0.26182156558079905,0.796399988770646,0.6180726797216618,0.07778520020046797,0.08757281726623012,0.9749745626029104,0.35620293050970986,0.9940721380493249,0.7794306078033432,0.7059757751249032,0.439963149507692,0.8265006669807281,0.5260908377837612,0.3906034391617273,0.22969815519822695
val_186,era109,validation,0.5081848832868703,0.8445711476685672,0.630516985213998,0.590686146382252,0.9150999076078628,0.40734375217018726,0.6607289701491743,0.327551764840762,0.6377114238867135,0.2523724765214709,0.8486383979530593,0.12095776175452344,0.49530165368961,0.6647969910304584,0.2634434074875409,0.04851187002628721,0.6426508330805681,0.3023653923900669,0.4461280094191864,0.7277210963267101,0.6758547376271449,0.4198992979704155,-0.0882855853164548
val_187,era109,validation,0.011702626810892625,0.004370644786012234,0.6484833418701278,0.5389920090919609,0.39206805305237247,0.43315821934719734,0.24284430300044768,0.40938683681644916,0.9544960284547797,0.05854142195007794,0.020836826262080943,0.9877058097161979,0.9308324158174878,0.4524268864667056,0.613370169761843,0.6966669119009267,0.938431815412743,0.044920055242135604,0.7744117115869043,0.39361034194462197,0.7268820563185974,0.4612428140660161,0.44954018725512346
val_188,era109,validation,0.3009755154104091,0.5201794018985207,0.5836965828034155,0.7070493049229883,0.4342917694302971,0.922323061478669,0.9387716110143898,0.23116581965392025,0.6857437323304836,0.4012291809806058,0.0662395020883535,0.487600821398706,0.8966009580549783,0.15752732555351634,0.34456822945877497,0.8411887050712471,0.9822984363204194,0.5566905814103094,0.36739365922953204,0.8476177852288728,0.35673626889210786,0.4718958512408072,0.17092033583039806
val_189,era109,validation,0.933629444033064,0.21715354983518742,0.18348320436002308,0.41887322669535243,0.7024971168239118,0.6925639915143327,0.010906995317794821,0.9792999974174053,0.9266494080645696,0.8198769118260781,0.4574669923029103,0.23821405282914765,0.3373808454831456,0.5332210023081314,0.3090542420003498,0.6487259034753787,0.9468854443746169,0.8348534905367517,0.16250515605918237,0.9202582501117742,0.5713202515560348,0.45096258040200127,-0.48266686363106276
val_190,era109,validation,0.3105295693420057,0.7434986191164329,0.603429858494767,0.6692040049557655,0.6629958963989008,0.24764611704565553,0.005753262323301311,0.49700297251031667,0.7841322586084434,0.12656502381398038,0.7377207361681893,0.769664488498658,0.5313678638213388,0.1647758868271182,0.2073779804363417,0.56974823116329,0.8241791853439435,0.4094684483426194,0.2514659704910759,0.5368662670843625,0.9098708740804471,0.4685037310925551,0.1579741617505494
val_191,era109,validation,0.3604593871067516,0.04306742630609717,0.056510940924519804,0.12161211495720103,0.38229701496096236,0.18499969750197942,0.5048768014355995,0.9960769157965979,0.7278776220711732,0.6718419718044675,0.1577076447119513,0.264285221212482,0.6973835240876468,0.42949167869784377,0.4090271209146483,0.7075544169787575,0.7056252202442514,0.6172938264580871,0.2147335023842284,0.21495245015692077,0.9763129001106398,0.5245290630870235,0.1640696759802719
val_192,era109,validation,0.4731650482340716,0.8315546881815776,0.6092383555719223,0.26569530656148377,0.4142442515210034,0.23036766342481607,0.48806245991347197,0.48978597806126634,0.4140619402133414,0.0036158617715676966,0.27165131954919386,0.7272156880186423,0.34000926690790534,0.40871252273951886,0.19550259019655358,0.42934273729965566,0.6633258578816675,0.9000235976577259,0.731660019256022,0.9157921565469869,0.2272480911839545,0.49460100154261694,0.021435953308545364
val_193,era109,validation,0.5616933748514747,0.8380922267069515,0.5540170191076188,0.8360030388086295,0.34803894342153896,0.26356388918551743,0.16336402190091048,0.21975126438406734,0.32479450286336864,0.10973744721244993,0.23200620128180716,0.8372857778497611,0.06487921809393848,0.7199396443474602,0.9625695873776323,0.09136173730887676,0.1037501769205339,0.7896945127369878,0.47033961462598206,0.18947962009551722,0.19283116571334147,0.5660281434545128,0.004334768603038053
val_194,era109,validation,0.808708644820744,0.8328660124035029,0.6552548308390995,0.9037489307433911,0.23538500695330788,0.2301834913340015,0.49451956297028443,0.5074523967368567,0.8462773724729192,0.35085034576848684,0.3990512186711541,0.7842633772952806,0.5054416567178047,0.1923831812242498,0.1545018114953034,0.9623717543033817,0.2714843468191125,0.1938763993928193,0.7086306979709834,0.04842322641726915,0.6766856334286485,0.6216439533295738,-0.18706469149117022
val_195,era109,validation,0.19032122315601763,0.15256852673266985,0.8954756057523938,0.5390082375602997,0.4581383629241397,0.6585064471923961,0.41166110516998644,0.0395955717990778,0.9053932329290053,0.08360228102441403,0.22499867701757115,0.2740478081979354,0.6016357358233364,0.8218713548708458,0.9133047149587763,0.4323007699841961,0.0056882235293770345,0.7333839593650058,0.41621968075762694,0.32748700887313087,0.41468388582344384,0.4545238324046944,0.2642026092486768
val_196,era109,validation,0.8717463771925572,0.6304065185610449,0.8503581052395366,0.0316356172129324,0.6864341319025404,0.11593351065750634,0.8903295253423688,0.9047698014219513,0.451882493650932,0.8459016674371129,0.352598678544753,0.40161857407923707,0.005841600121510249,0.3261323270161658,0.42847309815658197,0.6653892371680176,0.13740987023399187,0.501893025160152,0.8897356025039052,0.7269663444610398,0.024222338418137035,0.4942187767058569,-0.3775276004867003
val_197,era109,validation,0.7575493571438894,0.014367359183389605,0.9806541915625387,0.9269735707917681,0.741966705314293,0.3873584897079607,0.009253920216963474,0.8185502511944411,0.009063098186644414,0.8640705031454688,0.7285425986619442,0.41325100323327635,0.09557537353853063,0.44398862696877506,0.37786599156172207,0.5313104368892952,0.43922947716918836,0.7459668078860847,0.9835203077227346,0.9232740863535495,0.34686187064728413,0.42542577906314705,-0.33212357808074233
val_198,era109,validation,0.7226503346615553,0.8479625912891998,0.976241032936575,0.7020642580272864,0.7788736482559626,0.6250535729703665,0.9762698050329522,0.7258205206942847,0.7925310589064705,0.7555707030995242,0.6110092484541891,0.4912729181044718,0.20729064359415228,0.7723409755538425,0.23131980090484883,0.054673071977554555,0.14653655078907335,0.4945155505222182,0.6698425087026116,0.6372856468144399,0.8067447434722521,0.4599924166746145,-0.26265791798694077
val_199,era109,validation,0.08680457371463524,0.7229751935086205,0.7723196933737526,0.4140279237553608,0.37473201345312146,0.29085997394293084,0.6243927642958425,0.60982671544246,0.28506884047229164,0.24247963139561746,0.0811817053916929,0.16737285154013604,0.34805228699093416,0.6253923997135148,0.6357563343675191,0.9527466009925385,0.9016634146767579,0.12795816410830285,0.8638125572362189,0.95183854696666,0.7974269303831826,0.5108490088976001,0.42404443518296486
